UF;COD_MUNIC;Quantidade de lojistas 
11;1100346;0
11;1100148;0
11;1100320;0
11;1101500;0
11;1100403;0
11;1100023;1
11;1100601;0
11;1100130;0
11;1101401;0
11;1100262;0
11;1101757;0
11;1100015;0
11;1100379;0
11;1100049;1
11;1100908;0
11;1100098;0
11;1101203;0
11;1100502;0
11;1100288;1
11;1100296;0
11;1100031;0
11;1100056;0
11;1100064;0
11;1100072;0
11;1101468;0
11;1100080;0
11;1100106;0
11;1101492;0
11;1101005;0
11;1100114;1
11;1100122;1
11;1101302;0
11;1101435;0
11;1100155;0
11;1100254;0
11;1101559;0
11;1101609;0
11;1101708;0
11;1101807;0
11;1100452;0
11;1100700;0
11;1100809;0
11;1100940;0
11;1101104;0
11;1100338;0
11;1100205;1
11;1100924;0
11;1101450;0
11;1100189;1
11;1101476;0
11;1101484;0
11;1100304;2
12;1200054;0
12;1200104;0
12;1200252;0
12;1200708;0
12;1200203;1
12;1200336;0
12;1200351;0
12;1200393;0
12;1200427;0
12;1200013;0
12;1200138;0
12;1200179;0
12;1200385;0
12;1200807;0
12;1200401;2
12;1200450;0
12;1200344;0
12;1200435;0
12;1200500;1
12;1200302;0
12;1200328;0
12;1200609;1
13;1300060;0
13;1300201;0
13;1300607;0
13;1301605;0
13;1302306;0
13;1303700;0
13;1303908;0
13;1304062;0
13;1304237;0
13;1300706;0
13;1303502;0
13;1300086;0
13;1300102;0
13;1300631;0
13;1300839;0
13;1301209;0
13;1301308;0
13;1301902;1
13;1302009;0
13;1303106;0
13;1304005;0
13;1304401;0
13;1302108;0
13;1302801;0
13;1301001;0
13;1301407;0
13;1301506;0
13;1301654;0
13;1301803;0
13;1301951;0
13;1302207;0
13;1300144;0
13;1300805;0
13;1301704;0
13;1302702;0
13;1303304;0
13;1300300;0
13;1301100;0
13;1301159;0
13;1301852;0
13;1302504;1
13;1302553;0
13;1302603;6
13;1300508;0
13;1300680;0
13;1302900;0
13;1303007;0
13;1303403;0
13;1303957;0
13;1304302;0
13;1300904;0
13;1302405;0
13;1304104;0
13;1300409;0
13;1303205;0
13;1303601;0
13;1303809;0
13;1303536;0
13;1303569;0
13;1300029;0
13;1304203;1
13;1304260;0
14;1400050;0
14;1400027;0
14;1400100;4
14;1400456;0
14;1400209;1
14;1400282;0
14;1400308;0
14;1400159;0
14;1400175;0
14;1400407;0
14;1400704;0
14;1400233;0
14;1400472;0
14;1400506;0
14;1400605;0
15;1500503;0
15;1505908;0
15;1500602;2
15;1500859;0
15;1501725;0
15;1504455;0
15;1505486;0
15;1507805;0
15;1508159;0
15;1508357;0
15;1502004;0
15;1502509;0
15;1504901;0
15;1505700;0
15;1506302;0
15;1506401;0
15;1507904;0
15;1500800;1
15;1501303;0
15;1501402;4
15;1501501;0
15;1504422;0
15;1506351;0
15;1500909;0
15;1501600;0
15;1501709;0
15;1502202;0
15;1503200;0
15;1505007;0
15;1505601;0
15;1506104;0
15;1506112;0
15;1506609;0
15;1506906;0
15;1507409;0
15;1508035;0
15;1500107;0
15;1501204;0
15;1502103;0
15;1503309;0
15;1504000;0
15;1504604;0
15;1505205;0
15;1501907;0
15;1502400;0
15;1503408;0
15;1506500;0
15;1507003;0
15;1502707;0
15;1503044;0
15;1506583;0
15;1506708;0
15;1500305;0
15;1500701;0
15;1501808;0
15;1502806;0
15;1507706;0
15;1500958;0
15;1501956;0
15;1502301;0
15;1503077;0
15;1503457;0
15;1503507;0
15;1504059;0
15;1504950;0
15;1505403;0
15;1506559;0
15;1507201;0
15;1507607;0
15;1508308;0
15;1501006;0
15;1503606;0
15;1503754;0
15;1505031;0
15;1506195;0
15;1508050;0
15;1501758;0
15;1504208;2
15;1505494;0
15;1507151;0
15;1507508;0
15;1503002;0
15;1503903;0
15;1505106;0
15;1505304;0
15;1507979;0
15;1500131;0
15;1501576;0
15;1502939;0
15;1503093;0
15;1505502;0
15;1506187;0
15;1508126;0
15;1500347;0
15;1502152;0
15;1502772;0
15;1502954;0
15;1505536;1
15;1501105;0
15;1503101;0
15;1504505;0
15;1505809;0
15;1505551;0
15;1505635;0
15;1506138;2
15;1506161;0
15;1507458;1
15;1507755;0
15;1508407;1
15;1502608;0
15;1502905;0
15;1504109;0
15;1504307;0
15;1504406;0
15;1506203;0
15;1507102;0
15;1507466;0
15;1507474;0
15;1507961;0
15;1508209;0
15;1500404;0
15;1501451;0
15;1502855;0
15;1504802;0
15;1505650;0
15;1506005;0
15;1506807;1
15;1501253;0
15;1502764;0
15;1505437;0
15;1507300;0
15;1508084;2
15;1500206;0
15;1502756;0
15;1504703;0
15;1507953;0
15;1508001;0
15;1501782;0
15;1503705;0
15;1503804;0
15;1504976;0
15;1505064;0
15;1508100;1
16;1600105;0
16;1600550;0
16;1600709;0
16;1600212;0
16;1600238;0
16;1600253;0
16;1600303;7
16;1600154;0
16;1600535;0
16;1600600;0
16;1600055;0
16;1600279;0
16;1600402;0
16;1600808;0
16;1600204;0
16;1600501;0
17;1701309;0
17;1702109;1
17;1702158;0
17;1702307;0
17;1703008;0
17;1703057;0
17;1703883;0
17;1705508;0
17;1707702;0
17;1713957;0
17;1714880;0
17;1715705;0
17;1716307;0
17;1717206;0
17;1718865;0
17;1722081;0
17;1722107;0
17;1700301;0
17;1701002;0
17;1701051;0
17;1702208;0
17;1702554;0
17;1702901;0
17;1703800;0
17;1703826;0
17;1703891;0
17;1706506;0
17;1707405;0
17;1710706;0
17;1712454;0
17;1712801;0
17;1714302;0
17;1713809;0
17;1718303;0
17;1718550;0
17;1718808;0
17;1720002;0
17;1720101;0
17;1720200;0
17;1720309;0
17;1720804;0
17;1721208;0
17;1700400;0
17;1702406;0
17;1702703;0
17;1705102;0
17;1705557;0
17;1705607;0
17;1707009;0
17;1712157;0
17;1714203;0
17;1715150;0
17;1715259;0
17;1716208;0
17;1717008;0
17;1717800;0
17;1718006;0
17;1718659;0
17;1718907;0
17;1720499;0
17;1720903;0
17;1720937;0
17;1700350;0
17;1700707;0
17;1703701;0
17;1703867;0
17;1706258;0
17;1707652;0
17;1709500;1
17;1711506;0
17;1715754;0
17;1716604;0
17;1718899;0
17;1720259;0
17;1720853;0
17;1720978;0
17;1703073;0
17;1703842;0
17;1704105;0
17;1709005;0
17;1710508;0
17;1710904;0
17;1711951;0
17;1712405;0
17;1712702;0
17;1715101;0
17;1717909;0
17;1718501;0
17;1718758;0
17;1719004;0
17;1720150;0
17;1700251;0
17;1701903;0
17;1703107;0
17;1703206;0
17;1703602;0
17;1703909;0
17;1716703;0
17;1706001;0
17;1707108;0
17;1707207;0
17;1708254;0
17;1708304;0
17;1709302;0
17;1711100;0
17;1711803;0
17;1712504;0
17;1713205;0
17;1713304;0
17;1713700;0
17;1716653;0
17;1718402;0
17;1718709;0
17;1721257;0
17;1721307;0
17;1701101;0
17;1703305;0
17;1709807;0
17;1712009;0
17;1713601;0
17;1721000;3
17;1716505;0
17;1718204;0
17;1718881;0
17;1720655;0
17;1721109;0
17;1702000;0
17;1704600;0
17;1706100;0
17;1707306;0
17;1707553;0
17;1708205;0
17;1711902;0
17;1715002;0
17;1715507;0
17;1716109;2
17;1717503;0
17;1718451;0
17;1718840;0
21;2107506;0
21;2109452;0
21;2111201;0
21;2111300;4
21;2100956;0
21;2101608;0
21;2104081;0
21;2104099;0
21;2104800;0
21;2105351;0
21;2105476;0
21;2105609;0
21;2109759;0
21;2111805;0
21;2112308;0
21;2100709;0
21;2101004;0
21;2101772;0
21;2102507;0
21;2103554;0
21;2105153;0
21;2106508;0
21;2106904;0
21;2107456;0
21;2107605;0
21;2108256;0
21;2108306;0
21;2108405;0
21;2108603;0
21;2109270;0
21;2109809;0
21;2110500;0
21;2111003;0
21;2111706;0
21;2112803;0
21;2112902;0
21;2100154;0
21;2100907;0
21;2106300;0
21;2110104;0
21;2110237;0
21;2110609;0
21;2102309;0
21;2103000;0
21;2106607;0
21;2107803;0
21;2111078;0
21;2112209;0
21;2101806;0
21;2104107;0
21;2106102;0
21;2107258;0
21;2109700;0
21;2110658;0
21;2110807;0
21;2111607;0
21;2101509;0
21;2103505;0
21;2105450;0
21;2105922;0
21;2106706;0
21;2107308;0
21;2107704;0
21;2107902;0
21;2108009;0
21;2110906;0
21;2111102;0
21;2111904;0
21;2111953;0
21;2100808;0
21;2101731;0
21;2102101;0
21;2102200;0
21;2103208;0
21;2106409;0
21;2106672;0
21;2110401;0
21;2112605;0
21;2100436;0
21;2102754;0
21;2103307;0
21;2103604;0
21;2108454;0
21;2112100;0
21;2100105;0
21;2100303;0
21;2103406;0
21;2103901;0
21;2100501;0
21;2101400;0
21;2104073;0
21;2109502;0
21;2112001;0
21;2100550;0
21;2101970;0
21;2102606;0
21;2102903;0
21;2103158;0
21;2103174;0
21;2104305;0
21;2104677;0
21;2105658;0
21;2106201;0
21;2106326;0
21;2106375;0
21;2112407;0
21;2112456;0
21;2100055;1
21;2100600;0
21;2102358;0
21;2103257;0
21;2103752;0
21;2104552;0
21;2105302;3
21;2105427;0
21;2105500;0
21;2105989;0
21;2107001;0
21;2109551;0
21;2110856;0
21;2111532;0
21;2111763;0
21;2112852;0
21;2102705;0
21;2105401;0
21;2106631;0
21;2106755;0
21;2107209;0
21;2108801;0
21;2109304;0
21;2112704;0
21;2101707;0
21;2105005;0
21;2108058;0
21;2109403;0
21;2110278;0
21;2112506;0
21;2100204;0
21;2100832;0
21;2101301;0
21;2101350;0
21;2101905;0
21;2102408;0
21;2103109;0
21;2103125;0
21;2103703;0
21;2104909;0
21;2106805;0
21;2109056;0
21;2111789;0
21;2101202;0
21;2101939;0
21;2102077;0
21;2104008;0
21;2105203;0
21;2105807;0
21;2105948;0
21;2105906;0
21;2106003;0
21;2107407;0
21;2108207;0
21;2108702;0
21;2108900;0
21;2110302;0
21;2111409;0
21;2111508;0
21;2111631;0
21;2111672;0
21;2111722;0
21;2112233;0
21;2100402;0
21;2100477;0
21;2100873;0
21;2102002;0
21;2102036;0
21;2102150;0
21;2102325;0
21;2104651;0
21;2105708;0
21;2105963;0
21;2106359;0
21;2107357;0
21;2108108;0
21;2108504;0
21;2109239;0
21;2109908;0
21;2110005;0
21;2110039;0
21;2111029;0
21;2112274;0
21;2113009;0
21;2114007;0
21;2102556;0
21;2102804;0
21;2104057;0
21;2109007;0
21;2111052;0
21;2111573;0
21;2103802;0
21;2104206;0
21;2104404;0
21;2104503;0
21;2104602;0
21;2104628;0
21;2104701;0
21;2109106;0
21;2110708;0
21;2111250;0
21;2111748;0
21;2101103;0
21;2101251;0
21;2102374;0
21;2105104;0
21;2107100;0
21;2109205;0
21;2109601;0
21;2110203;0
22;2200053;0
22;2201556;0
22;2201572;0
22;2201739;0
22;2202091;0
22;2202109;0
22;2202117;0
22;2202133;0
22;2202455;0
22;2202554;0
22;2202802;0
22;2203271;0
22;2203859;0
22;2204154;0
22;2204303;0
22;2204907;0
22;2205003;0
22;2205151;0
22;2205201;0
22;2205359;0
22;2205565;0
22;2205953;0
22;2206050;0
22;2207959;0
22;2207207;0
22;2207306;0
22;2207777;0
22;2207801;0
22;2207934;0
22;2208650;0
22;2208874;0
22;2209500;0
22;2209658;0
22;2210003;0
22;2210706;0
22;2210805;0
22;2210904;0
22;2211506;0
22;2211605;0
22;2200459;0
22;2201309;0
22;2201903;0
22;2203107;0
22;2203230;0
22;2204402;0
22;2206605;0
22;2207405;0
22;2208700;0
22;2209302;0
22;2209757;0
22;2201150;0
22;2208908;0
22;2209203;0
22;2211209;0
22;2201200;0
22;2201507;0
22;2201770;0
22;2201960;0
22;2202059;0
22;2202174;0
22;2203701;0
22;2205409;0
22;2205458;0
22;2205805;0
22;2205854;0
22;2206100;0
22;2206209;0
22;2206670;0
22;2206803;0
22;2208403;0
22;2208502;0
22;2209971;0
22;2200806;0
22;2201705;0
22;2202752;0
22;2203602;0
22;2205607;0
22;2205904;0
22;2206001;0
22;2208551;0
22;2210631;0
22;2200301;0
22;2201051;0
22;2201945;0
22;2202026;0
22;2202208;0
22;2202406;0
22;2202604;0
22;2202711;0
22;2203420;0
22;2205276;0
22;2205516;0
22;2205573;0
22;2206357;0
22;2206753;0
22;2206951;0
22;2207900;0
22;2209906;0
22;2210409;0
22;2210656;0
22;2201101;0
22;2202901;0
22;2203008;0
22;2203206;0
22;2205524;0
22;2206654;0
22;2207603;0
22;2208858;0
22;2210623;0
22;2202251;0
22;2203800;0
22;2203909;0
22;2204501;0
22;2205102;0
22;2205300;0
22;2206704;0
22;2207850;0
22;2209005;0
22;2209708;0
22;2210102;0
22;2210391;0
22;2201919;0
22;2202000;0
22;2202083;0
22;2202539;0
22;2202653;0
22;2202703;0
22;2202729;0
22;2204659;0
22;2205706;0
22;2206696;0
22;2207702;1
22;2208304;0
22;2209872;0
22;2210052;0
22;2200103;0
22;2200202;0
22;2200509;0
22;2200608;0
22;2201002;0
22;2201408;0
22;2204105;0
22;2204600;0
22;2205250;0
22;2205540;0
22;2207108;0
22;2207504;0
22;2207751;0
22;2208809;0
22;2209450;0
22;2209807;0
22;2210508;0
22;2200954;0
22;2201804;0
22;2202075;0
22;2202778;0
22;2203404;0
22;2204352;0
22;2204808;0
22;2207009;0
22;2207553;0
22;2208007;0
22;2209104;0
22;2209377;0
22;2209351;0
22;2209856;0
22;2209955;0
22;2210201;0
22;2210375;0
22;2210938;0
22;2210979;0
22;2211704;0
22;2200251;0
22;2200277;0
22;2204204;0
22;2206506;0
22;2208205;0
22;2209401;0
22;2210300;0
22;2200707;0
22;2201929;0
22;2201988;0
22;2202307;0
22;2202505;0
22;2202851;0
22;2203354;0
22;2203453;0
22;2203750;0
22;2204550;0
22;2205532;0
22;2207355;0
22;2209559;0
22;2210359;0
22;2210607;0
22;2210953;0
22;2211357;0
22;2200400;0
22;2201606;0
22;2202737;0
22;2203255;0
22;2203305;0
22;2205508;0
22;2205557;0
22;2205581;0
22;2206308;0
22;2206407;0
22;2206720;0
22;2207793;0
22;2211001;5
22;2211100;0
22;2200905;0
22;2201176;0
22;2203503;0
22;2204006;0
22;2204709;0
22;2205599;0
22;2206902;0
22;2208106;0
22;2208601;0
22;2209153;0
22;2209609;0
22;2210383;0
22;2211308;0
22;2211407;0
23;2310209;0
23;2310258;0
23;2312403;0
23;2300705;0
23;2305332;0
23;2307007;0
23;2307601;0
23;2308708;1
23;2310001;0
23;2311504;0
23;2311801;0
23;2312502;0
23;2313104;0
23;2301703;0
23;2302008;0
23;2308104;0
23;2300150;0
23;2301208;0
23;2301406;0
23;2302107;1
23;2302909;0
23;2305100;0
23;2306504;0
23;2309102;0
23;2309805;0
23;2310100;0
23;2311603;0
23;2300101;0
23;2302503;0
23;2307205;0
23;2308302;0
23;2310605;0
23;2302800;0
23;2303006;0
23;2306603;0
23;2310407;0
23;2301901;0
23;2304202;1
23;2307106;0
23;2307304;1
23;2308401;0
23;2309201;0
23;2311108;0
23;2312106;0
23;2300606;0
23;2303204;0
23;2304301;0
23;2304806;0
23;2302206;0
23;2303501;0
23;2310852;0
23;2301307;0
23;2301604;0
23;2302701;0
23;2311207;0
23;2311959;0
23;2301950;0
23;2303956;0
23;2309458;0
23;2304004;0
23;2304509;0
23;2308807;0
23;2313906;0
23;2301000;0
23;2303709;2
23;2304285;1
23;2304400;5
23;2304954;0
23;2306256;0
23;2307650;0
23;2307700;0
23;2309706;0
23;2303402;0
23;2304236;0
23;2305001;0
23;2305308;0
23;2312304;0
23;2313401;0
23;2313609;0
23;2314102;0
23;2303808;0
23;2305407;0
23;2305506;0
23;2309508;0
23;2311355;0
23;2305803;0
23;2305902;0
23;2310951;0
23;2311009;0
23;2311702;0
23;2313955;0
23;2300754;0
23;2306405;0
23;2313500;0
23;2301802;0
23;2305704;0
23;2307502;0
23;2313708;0
23;2301109;0
23;2304459;0
23;2305357;0
23;2306207;0
23;2300200;0
23;2302057;0
23;2302305;0
23;2302602;0
23;2303907;0
23;2304251;0
23;2304707;0
23;2306553;0
23;2307254;0
23;2307809;0
23;2307908;0
23;2308906;0
23;2300903;0
23;2304608;0
23;2310704;0
23;2312601;0
23;2313351;0
23;2306702;0
23;2306801;0
23;2306900;0
23;2300507;0
23;2308203;0
23;2305233;0
23;2309607;0
23;2303659;0
23;2305209;0
23;2312205;1
23;2304277;0
23;2306009;0
23;2310803;0
23;2311231;0
23;2301257;0
23;2304103;0
23;2305605;0
23;2305654;0
23;2308609;0
23;2309300;0
23;2309409;0
23;2311264;0
23;2313203;0
23;2300408;0
23;2301505;0
23;2303600;0
23;2310308;0
23;2311900;0
23;2313302;0
23;2301851;0
23;2302404;0
23;2303931;0
23;2305266;0
23;2307635;0
23;2311306;1
23;2311405;0
23;2300309;0
23;2304269;0
23;2308351;0
23;2308500;0
23;2310506;0
23;2310902;0
23;2312700;0
23;2313005;0
23;2303105;0
23;2304350;0
23;2304657;0
23;2304905;0
23;2306108;0
23;2308005;0
23;2308377;0
23;2309003;0
23;2309904;0
23;2312007;0
23;2312809;0
23;2312908;0
23;2306306;0
23;2313559;0
23;2313757;0
23;2313807;0
23;2300804;0
23;2303303;0
23;2307403;0
23;2313252;0
23;2314003;0
24;2401701;0
24;2401800;0
24;2404606;0
24;2405306;0
24;2406155;0
24;2406205;0
24;2406304;0
24;2406601;0
24;2407807;0
24;2408300;0
24;2409100;0
24;2409209;0
24;2410306;0
24;2410900;0
24;2409332;0
24;2411502;0
24;2412609;0
24;2412708;0
24;2413102;0
24;2413508;0
24;2414704;0
24;2414803;0
24;2400307;0
24;2400802;0
24;2401909;0
24;2403756;0
24;2405504;0
24;2406700;0
24;2409605;0
24;2409704;0
24;2401602;0
24;2405108;0
24;2405801;0
24;2408805;0
24;2410108;0
24;2401503;0
24;2402105;0
24;2402808;0
24;2405009;0
24;2405405;0
24;2406403;0
24;2406809;0
24;2407906;0
24;2411106;0
24;2411205;1
24;2411700;0
24;2412302;0
24;2412906;0
24;2413300;0
24;2413706;0
24;2414001;0
24;2401008;0
24;2402303;0
24;2403707;0
24;2404309;0
24;2407500;0
24;2409506;0
24;2410405;0
24;2408953;0
24;2412559;0
24;2413904;0
24;2414407;0
24;2401206;0
24;2401404;0
24;2402204;0
24;2403509;0
24;2404200;0
24;2407708;0
24;2409803;0
24;2413201;0
24;2414209;0
24;2415008;0
24;2402600;0
24;2407104;0
24;2408201;0
24;2412005;0
24;2412203;0
24;2401859;0
24;2404101;0
24;2404507;0
24;2407203;0
24;2411601;0
24;2401305;0
24;2405207;0
24;2407609;0
24;2408706;0
24;2414456;0
24;2414605;0
24;2401107;0
24;2401453;0
24;2404408;0
24;2408003;0
24;2413359;0
24;2411056;0
24;2403608;0
24;2408102;3
24;2403251;0
24;2400505;0
24;2403905;0
24;2404903;0
24;2406007;0
24;2407302;0
24;2408607;0
24;2409407;0
24;2410009;0
24;2410207;0
24;2410504;0
24;2410702;0
24;2411007;0
24;2411908;0
24;2413607;0
24;2413805;0
24;2414100;0
24;2414902;0
24;2402006;1
24;2404804;0
24;2405603;0
24;2411809;0
24;2412104;0
24;2413409;0
24;2414308;0
24;2400109;0
24;2402402;0
24;2403004;0
24;2403103;0
24;2403400;0
24;2405702;0
24;2408508;0
24;2408904;0
24;2411429;0
24;2412401;0
24;2401651;0
24;2402709;0
24;2403806;0
24;2406502;0
24;2411403;0
24;2413003;0
24;2414159;0
24;2400406;0
24;2402907;0
24;2403202;0
24;2403301;0
24;2407005;0
24;2407252;0
24;2410801;0
24;2412500;0
24;2414753;0
24;2400604;0
24;2400901;0
24;2404002;0
24;2405900;0
24;2406908;0
24;2407401;0
24;2408409;0
24;2409308;0
24;2410603;0
24;2413557;0
24;2414506;0
24;2400208;0
24;2400703;0
24;2402501;0
24;2404705;0
24;2404853;0
24;2406106;0
24;2409902;0
24;2410256;0
24;2412807;0
25;2500304;0
25;2500403;0
25;2501104;0
25;2501500;0
25;2502706;0
25;2509339;0
25;2511608;0
25;2515906;0
25;2502052;0
25;2502201;0
25;2502409;0
25;2503308;0
25;2503704;0
25;2504108;0
25;2509602;0
25;2512036;0
25;2512077;0
25;2513307;0
25;2513653;0
25;2500700;0
25;2514503;0
25;2516805;0
25;2516904;0
25;2502151;0
25;2504009;1
25;2506103;0
25;2508307;0
25;2509206;0
25;2512408;0
25;2512507;0
25;2515807;0
25;2500734;0
25;2501351;0
25;2503902;0
25;2504702;0
25;2504850;0
25;2508505;0
25;2509701;0
25;2510600;0
25;2510659;0
25;2512200;0
25;2514107;0
25;2514800;0
25;2515203;0
25;2515500;0
25;2516300;0
25;2516508;0
25;2517407;0
25;2500536;0
25;2501575;0
25;2501708;0
25;2502508;0
25;2503100;0
25;2504074;0
25;2504355;0
25;2506509;0
25;2512788;0
25;2513851;0
25;2513943;0
25;2514008;0
25;2502003;0
25;2502300;0
25;2502805;0
25;2502904;0
25;2504306;0
25;2507408;0
25;2508109;0
25;2509370;0
25;2512804;0
25;2513901;0
25;2514651;0
25;2500577;0
25;2500908;0
25;2501609;0
25;2505105;0
25;2505352;0
25;2510105;0
25;2510501;0
25;2512002;0
25;2512705;0
25;2516102;0
25;2516151;0
25;2501005;0
25;2503506;0
25;2504157;0
25;2505709;0
25;2512747;0
25;2516003;0
25;2516409;0
25;2501203;0
25;2506004;0
25;2509503;0
25;2515104;0
25;2500502;0
25;2500809;0
25;2501906;0
25;2503605;0
25;2505204;0
25;2505808;0
25;2506301;0
25;2508208;0
25;2508554;0
25;2509800;0
25;2511707;0
25;2511806;0
25;2515609;0
25;2515930;0
25;2503803;0
25;2506400;0
25;2506806;0
25;2506905;0
25;2507200;0
25;2507606;0
25;2509404;0
25;2512754;0
25;2513109;0
25;2502102;0
25;2504405;0
25;2505303;0
25;2505600;0
25;2506608;0
25;2507002;0
25;2511004;0
25;2513356;0
25;2513505;0
25;2514305;0
25;2515708;0
25;2501807;0
25;2503209;0
25;2504603;0
25;2507507;2
25;2508604;0
25;2513703;0
25;2501401;0
25;2504033;0
25;2505238;0
25;2505279;0
25;2507101;0
25;2507309;0
25;2508901;0
25;2509057;0
25;2509305;0
25;2512721;0
25;2512903;0
25;2500601;0
25;2503001;0
25;2511202;0
25;2511905;0
25;2501153;0
25;2503407;0
25;2508703;0
25;2510709;0
25;2510808;0
25;2512606;0
25;2513802;0
25;2514404;0
25;2514602;0
25;2500205;0
25;2504207;0
25;2504801;0
25;2505907;0
25;2502607;0
25;2510204;0
25;2510402;0
25;2511301;0
25;2513604;0
25;2504900;0
25;2507903;0
25;2509107;0
25;2511509;0
25;2512762;0
25;2514453;0
25;2515005;0
25;2515302;0
25;2515971;0
25;2507804;0
25;2513000;0
25;2513406;0
25;2514701;0
25;2514909;0
25;2517100;0
25;2501534;0
25;2505006;0
25;2506202;0
25;2507705;0
25;2510303;0
25;2511103;0
25;2511400;0
25;2515401;0
25;2516755;0
25;2500106;0
25;2503555;0
25;2505402;0
25;2506707;0
25;2508000;0
25;2509008;0
25;2509396;0
25;2512309;0
25;2514552;0
25;2516607;0
25;2516706;0
25;2500775;0
25;2503753;0
25;2504504;0
25;2508406;0
25;2508802;0
25;2509156;0
25;2510006;0
25;2510907;0
25;2512101;0
25;2513208;0
25;2513927;0
25;2513968;0
25;2513984;0
25;2514206;0
25;2516201;1
25;2517209;0
25;2505501;0
25;2501302;0
25;2506251;0
25;2509909;0
25;2513158;0
25;2517001;0
26;2604155;0
26;2605806;0
26;2612505;0
26;2612703;0
26;2614501;0
26;2615003;0
26;2615409;0
26;2616183;0
26;2616209;0
26;2601102;0
26;2602001;0
26;2605301;0
26;2606309;0
26;2607307;0
26;2614303;0
26;2609907;0
26;2612455;0
26;2612554;0
26;2615607;0
26;2600302;0
26;2600807;0
26;2601300;0
26;2602308;0
26;2603504;0
26;2605004;0
26;2606705;0
26;2608701;0
26;2610202;0
26;2612000;0
26;2613305;0
26;2605459;0
26;2601003;0
26;2602100;0
26;2602407;0
26;2603207;0
26;2603306;0
26;2603702;0
26;2604700;0
26;2606002;0
26;2606507;0
26;2608255;0
26;2608305;0
26;2608404;0
26;2608602;0
26;2608800;0
26;2610103;0
26;2610301;0
26;2612307;0
26;2613206;0
26;2615102;0
26;2601052;0
26;2606804;0
26;2607604;0
26;2607752;0
26;2601607;0
26;2603926;0
26;2605707;0
26;2607406;0
26;2608057;0
26;2611002;0
26;2614808;0
26;2600401;0
26;2600906;0
26;2601409;0
26;2601508;0
26;2604205;0
26;2604809;0
26;2605202;0
26;2605905;0
26;2607950;0
26;2608206;0
26;2609204;0
26;2610004;0
26;2611408;0
26;2611507;0
26;2611804;0
26;2611903;0
26;2612901;0
26;2613404;0
26;2614204;0
26;2614857;0
26;2616506;0
26;2600708;0
26;2602704;0
26;2603603;0
26;2604007;0
26;2604601;0
26;2605509;0
26;2606200;0
26;2607653;0
26;2607802;0
26;2608503;0
26;2608453;0
26;2609006;0
26;2609501;0
26;2610608;0
26;2615300;0
26;2615508;0
26;2616308;0
26;2602209;0
26;2604908;0
26;2605400;0
26;2608107;0
26;2608909;0
26;2609105;0
26;2609709;0
26;2610509;0
26;2612109;0
26;2613800;0
26;2600104;0
26;2602506;0
26;2603405;0
26;2603900;0
26;2605608;0
26;2606903;0
26;2607109;0
26;2607703;0
26;2611533;0
26;2612471;0
26;2612802;0
26;2613602;0
26;2613909;0
26;2614402;0
26;2614600;0
26;2615706;0
26;2615904;0
26;2600203;0
26;2603009;0
26;2605152;0
26;2608750;0
26;2609808;0
26;2611101;2
26;2612604;0
26;2615201;0
26;2600054;0
26;2603454;0
26;2607901;0
26;2609402;0
26;2609600;0
26;2610707;0
26;2611606;5
26;2613701;0
26;2604304;0
26;2609303;0
26;2610400;0
26;2612208;0
26;2613503;0
26;2614006;0
26;2616100;0
26;2601201;0
26;2601805;0
26;2605103;0
26;2606606;0
26;2607000;0
26;2609154;0
26;2614105;0
26;2602902;0
26;2607208;1
26;2600500;0
26;2602803;0
26;2607505;0
26;2610806;0
26;2615805;0
26;2616001;0
26;2600609;0
26;2601706;0
26;2601904;0
26;2602605;0
26;2603108;0
26;2603801;0
26;2604106;1
26;2606408;0
26;2608008;0
26;2610905;0
26;2611200;0
26;2611705;0
26;2612406;0
26;2613008;0
26;2613107;0
26;2614709;0
26;2604403;0
26;2604502;0
26;2606101;0
26;2611309;0
26;2616407;1
27;2702405;0
27;2705804;0
27;2707107;0
27;2700300;0
27;2701506;0
27;2702009;0
27;2702355;0
27;2702603;0
27;2702900;0
27;2704104;0
27;2704203;0
27;2708808;0
27;2709103;0
27;2700706;0
27;2700904;0
27;2703403;0
27;2703700;0
27;2704401;0
27;2705408;0
27;2705705;0
27;2706000;0
27;2703601;0
27;2704500;0
27;2706505;0
27;2707404;0
27;2708709;0
27;2700508;0
27;2700607;0
27;2702207;0
27;2704302;4
27;2704708;0
27;2706448;0
27;2706901;0
27;2707701;0
27;2707909;0
27;2708907;0
27;2700409;0
27;2701100;0
27;2701308;0
27;2701357;0
27;2701704;0
27;2702108;0
27;2702801;0
27;2703502;0
27;2703809;0
27;2703908;0
27;2705101;0
27;2705200;0
27;2705507;0
27;2705606;0
27;2707305;0
27;2708501;0
27;2700805;0
27;2701209;0
27;2702553;0
27;2703106;0
27;2704906;0
27;2704807;0
27;2705309;0
27;2706307;0
27;2706604;0
27;2707602;0
27;2709004;0
27;2702702;0
27;2703205;0
27;2706703;0
27;2706802;0
27;2707503;0
27;2701803;0
27;2702504;0
27;2704609;0
27;2706109;0
27;2706208;0
27;2706406;0
27;2707206;0
27;2708006;1
27;2708402;0
27;2708956;0
27;2700201;0
27;2701001;0
27;2701407;0
27;2702306;0
27;2703759;0
27;2704005;0
27;2707800;0
27;2708600;0
27;2709152;0
27;2700102;0
27;2701605;0
27;2703304;0
27;2705002;0
27;2706422;0
27;2701902;0
27;2703007;0
27;2707008;0
27;2708105;0
27;2708303;0
27;2709301;0
27;2709400;0
27;2705903;0
27;2708204;0
27;2709202;0
28;2800506;0
28;2801009;0
28;2802908;1
28;2803708;0
28;2803906;0
28;2804102;0
28;2806800;0
28;2803500;0
28;2805802;0
28;2800308;1
28;2800605;0
28;2804805;0
28;2806701;0
28;2801504;0
28;2802502;0
28;2803609;0
28;2804003;0
28;2805901;0
28;2806107;0
28;2806602;0
28;2800407;0
28;2800670;0
28;2801702;0
28;2803005;0
28;2805109;0
28;2806206;0
28;2807501;0
28;2807600;0
28;2801405;0
28;2802304;0
28;2804458;0
28;2805000;0
28;2805208;0
28;2806008;0
28;2801306;0
28;2802007;0
28;2806503;0
28;2807204;0
28;2802106;1
28;2802809;0
28;2803203;0
28;2806305;0
28;2803302;0
28;2803401;0
28;2804904;0
28;2805307;0
28;2806909;0
28;2800209;0
28;2801900;0
28;2803807;0
28;2804300;0
28;2804607;0
28;2807006;0
28;2800100;0
28;2800704;0
28;2801108;0
28;2801603;0
28;2802700;0
28;2804409;0
28;2804706;0
28;2805703;1
28;2806404;0
28;2807303;0
28;2801207;0
28;2802205;0
28;2802403;0
28;2802601;0
28;2803104;0
28;2804201;0
28;2804508;0
28;2805406;0
28;2805604;0
28;2805505;0
28;2807105;0
28;2807402;0
29;2900306;0
29;2900702;0
29;2901908;0
29;2902054;0
29;2902203;0
29;2909604;0
29;2913705;0
29;2927002;0
29;2929701;0
29;2902708;0
29;2904753;0
29;2913200;0
29;2915353;0
29;2921609;0
29;2922250;0
29;2933604;0
29;2902500;0
29;2903201;3
29;2907400;0
29;2911105;0
29;2919553;0
29;2926202;0
29;2928901;0
29;2903904;1
29;2907103;0
29;2910776;0
29;2923704;0
29;2930154;0
29;2930758;0
29;2904100;0
29;2904209;0
29;2904506;0
29;2907558;0
29;2912509;0
29;2913002;0
29;2914109;0
29;2919801;0
29;2923035;0
29;2923209;0
29;2931053;0
29;2902005;0
29;2904605;0
29;2906899;0
29;2908705;0
29;2909000;0
29;2911659;0
29;2917201;0
29;2919959;0
29;2920304;0
29;2924702;0
29;2925709;0
29;2926806;0
29;2931004;0
29;2931806;0
29;2901106;0
29;2907509;0
29;2915908;0
29;2921005;0
29;2925204;0
29;2929503;0
29;2931707;0
29;2901403;0
29;2904407;0
29;2909406;0
29;2909703;0
29;2920452;0
29;2928406;0
29;2930907;0
29;2933455;0
29;2907004;0
29;2908606;0
29;2910503;0
29;2910602;0
29;2917904;0
29;2906808;0
29;2906824;0
29;2910701;0
29;2921500;0
29;2922656;0
29;2925808;0
29;2925907;0
29;2931905;0
29;2932002;0
29;2900405;0
29;2901502;0
29;2901700;0
29;2908200;0
29;2908507;0
29;2908903;0
29;2910305;0
29;2910800;0
29;2913804;0
29;2914000;0
29;2914505;0
29;2916856;0
29;2923308;0
29;2924108;0
29;2924652;0
29;2925956;0
29;2927507;0
29;2928505;0
29;2928307;0
29;2928802;0
29;2929305;0
29;2930402;0
29;2931103;0
29;2931400;0
29;2905008;0
29;2905206;0
29;2906600;0
29;2911709;1
29;2912004;0
29;2913408;0
29;2917334;0
29;2917409;0
29;2918753;0
29;2919405;0
29;2920205;0
29;2921054;0
29;2921807;0
29;2923407;0
29;2924504;0
29;2926400;0
29;2930006;0
29;2932606;0
29;2900900;0
29;2902252;0
29;2902401;0
29;2903102;0
29;2903300;0
29;2903409;0
29;2904704;0
29;2905602;0
29;2906303;0
29;2908002;0
29;2910909;0
29;2911006;0
29;2911204;0
29;2911501;0
29;2912103;0
29;2912707;0
29;2912905;0
29;2913606;0
29;2913903;1
29;2914802;1
29;2914901;0
29;2915205;0
29;2915403;0
29;2915502;0
29;2915700;0
29;2916203;0
29;2916302;0
29;2916609;0
29;2918555;0
29;2920908;0
29;2922755;0
29;2923902;0
29;2927804;0
29;2928059;0
29;2929354;0
29;2931608;0
29;2932200;0
29;2932309;0
29;2932507;0
29;2932705;0
29;2933505;0
29;2901155;0
29;2903003;0
29;2903235;0
29;2905305;0
29;2906204;0
29;2907608;0
29;2911303;0
29;2912400;0
29;2913101;1
29;2914406;0
29;2914604;0
29;2918357;0
29;2918506;0
29;2919157;0
29;2922052;0
29;2925600;0
29;2929255;0
29;2930808;0
29;2932408;0
29;2902609;0
29;2903805;0
29;2911907;0
29;2912608;0
29;2914703;0
29;2919009;0
29;2919603;0
29;2920106;0
29;2922102;0
29;2927200;0
29;2931301;0
29;2933059;0
29;2910404;0
29;2915809;0
29;2916401;0
29;2916807;0
29;2917102;0
29;2919702;0
29;2920007;0
29;2925402;0
29;2926657;0
29;2905107;0
29;2905503;0
29;2906873;0
29;2917508;0
29;2921203;0
29;2921401;0
29;2921708;0
29;2923357;1
29;2924801;0
29;2925253;0
29;2925931;0
29;2929370;0
29;2929800;0
29;2930600;0
29;2933109;0
29;2933158;0
29;2900603;0
29;2901007;0
29;2901957;0
29;2904308;0
29;2909505;0
29;2914208;0
29;2914307;0
29;2915106;0
29;2916708;0
29;2916906;0
29;2917607;0
29;2918001;1
29;2918209;0
29;2918308;0
29;2918704;0
29;2918803;0
29;2919058;0
29;2920502;0
29;2920809;0
29;2921302;0
29;2922409;0
29;2922805;0
29;2924900;0
29;2927903;0
29;2929404;0
29;2932101;0
29;2909208;0
29;2918100;0
29;2924207;0
29;2927606;0
29;2930766;0
29;2905909;0
29;2907202;0
29;2909901;0
29;2918407;1
29;2924405;0
29;2926004;0
29;2930204;0
29;2930774;0
29;2910107;0
29;2900504;0
29;2919504;0
29;2923605;0
29;2926905;0
29;2900207;0
29;2907707;0
29;2911402;0
29;2919900;0
29;2924009;1
29;2927101;0
29;2900801;0
29;2906907;0
29;2910727;0
29;2911808;0
29;2912806;0
29;2914653;0
29;2915304;0
29;2915601;0
29;2916005;0
29;2918456;0
29;2918902;0
29;2921104;0
29;2922003;0
29;2923001;0
29;2925303;0
29;2925501;0
29;2927705;0
29;2931350;0
29;2933257;0
29;2900355;0
29;2901601;0
29;2902658;0
29;2907806;0
29;2907905;0
29;2910750;0
29;2911857;0
29;2916500;0
29;2922904;0
29;2923050;0
29;2923100;0
29;2923803;0
29;2926509;0
29;2926608;0
29;2905701;0
29;2906501;0
29;2910057;0
29;2916104;0
29;2919207;0
29;2919926;0
29;2927408;3
29;2929206;0
29;2930709;0
29;2933208;0
29;2906105;0
29;2908101;0
29;2909109;0
29;2909307;0
29;2917359;0
29;2928109;0
29;2928208;0
29;2929057;0
29;2930303;0
29;2902302;0
29;2904852;0
29;2904902;0
29;2907301;0
29;2908309;0
29;2909802;0
29;2910206;0
29;2911600;0
29;2917805;0
29;2920601;0
29;2922201;0
29;2922300;0
29;2922508;0
29;2927309;0
29;2928604;0
29;2928703;0
29;2929107;0
29;2929008;0
29;2929602;0
29;2929750;0
29;2933174;0
29;2900108;0
29;2901304;0
29;2902807;0
29;2904001;0
29;2904050;0
29;2908804;0
29;2912202;0
29;2915007;0
29;2918605;0
29;2919306;0
29;2921906;0
29;2922854;0
29;2923506;0
29;2924306;0
29;2926707;0
29;2929909;0
29;2932804;0
29;2933406;0
29;2901353;0
29;2901809;0
29;2906006;0
29;2910859;0
29;2917003;0
29;2917706;0
29;2924603;0
29;2930105;0
29;2932457;0
29;2902104;0
29;2903276;0
29;2903607;0
29;2906402;0
29;2906857;0
29;2908408;1
29;2911253;0
29;2913309;0
29;2919108;0
29;2922730;0
29;2924058;0
29;2926103;0
29;2926301;0
29;2928000;0
29;2928950;0
29;2930501;0
29;2931509;0
29;2933000;1
29;2905404;0
29;2905800;0
29;2913457;0
29;2917300;0
29;2920700;0
29;2922607;0
29;2924678;0
29;2925758;0
29;2931202;0
29;2932903;0
29;2901205;0
29;2902906;0
29;2903508;0
29;2903706;0
29;2903953;0
29;2904803;0
29;2905156;0
29;2906709;0
29;2910008;0
29;2912301;0
29;2913507;0
29;2920403;0
29;2921450;0
29;2922706;0
29;2925006;0
29;2925105;0
29;2933307;1
31;3101102;0
31;3102209;0
31;3117405;0
31;3118403;0
31;3120839;0
31;3127370;0
31;3131208;0
31;3134103;0
31;3144003;0
31;3151909;0
31;3154309;0
31;3159506;0
31;3168051;0
31;3101607;0
31;3102001;0
31;3104304;0
31;3114402;0
31;3114709;0
31;3117108;0
31;3122405;0
31;3125200;0
31;3139003;0
31;3147204;0
31;3151701;0
31;3166907;0
31;3101706;0
31;3105202;0
31;3122454;0
31;3125606;0
31;3134707;0
31;3135803;0
31;3136009;0
31;3136504;0
31;3140555;0
31;3143153;0
31;3146750;0
31;3155108;0
31;3156601;0
31;3157104;0
31;3158102;0
31;3160306;0
31;3101201;0
31;3102803;0
31;3103603;0
31;3107208;0
31;3107505;0
31;3114808;0
31;3120805;0
31;3138500;0
31;3141900;0
31;3147808;0
31;3165305;0
31;3166402;0
31;3167004;0
31;3103405;1
31;3113008;0
31;3119500;0
31;3134004;0
31;3145307;0
31;3146305;0
31;3152170;0
31;3171600;0
31;3104007;1
31;3111507;0
31;3129509;0
31;3145000;1
31;3149200;0
31;3149804;0
31;3153004;0
31;3156908;0
31;3157708;0
31;3168101;0
31;3101631;0
31;3102902;0
31;3105608;0
31;3105905;0
31;3112208;0
31;3113107;0
31;3113206;0
31;3121506;0
31;3129400;0
31;3154408;0
31;3157302;0
31;3166204;0
31;3106200;11
31;3106705;2
31;3109006;1
31;3110004;0
31;3117876;0
31;3118601;3
31;3124104;0
31;3129806;0
31;3130101;0
31;3136652;0
31;3137601;0
31;3140159;0
31;3140704;0
31;3144805;0
31;3149309;0
31;3153905;0
31;3154606;0
31;3154804;0
31;3156700;0
31;3157807;0
31;3162922;0
31;3162955;0
31;3165537;0
31;3171204;0
31;3107307;0
31;3123809;0
31;3126604;0
31;3128253;0
31;3145455;0
31;3103900;0
31;3107406;0
31;3123205;0
31;3124708;0
31;3135308;0
31;3137205;0
31;3138302;0
31;3138807;0
31;3140506;0
31;3142403;0
31;3153707;0
31;3166600;0
31;3100807;0
31;3111200;0
31;3111903;0
31;3112000;0
31;3120201;0
31;3149903;0
31;3158805;0
31;3102852;0
31;3104452;0
31;3106507;0
31;3112307;0
31;3113503;0
31;3116100;0
31;3126505;0
31;3132503;0
31;3135456;0
31;3136520;0
31;3138351;0
31;3141801;0
31;3169703;0
31;3171071;0
31;3107802;0
31;3109253;0
31;3113404;0
31;3120003;0
31;3122504;0
31;3123858;0
31;3129301;0
31;3130556;0
31;3130903;0
31;3131158;0
31;3150158;0
31;3150539;0
31;3157252;0
31;3159357;0
31;3160959;0
31;3162609;0
31;3164472;0
31;3168408;0
31;3170057;0
31;3170578;0
31;3101508;1
31;3104403;0
31;3115300;0
31;3122900;0
31;3124609;0
31;3132602;0
31;3138005;0
31;3138401;0
31;3146701;0
31;3151107;0
31;3154101;0
31;3158409;0
31;3160009;0
31;3172103;0
31;3102407;0
31;3117504;0
31;3118106;0
31;3122603;0
31;3132800;0
31;3143708;0
31;3147501;0
31;3156007;0
31;3160207;0
31;3160504;0
31;3164803;0
31;3166501;0
31;3167103;0
31;3114907;0
31;3115409;0
31;3118007;0
31;3118304;1
31;3120409;0
31;3121407;0
31;3123908;0
31;3133907;0
31;3145901;0
31;3153806;0
31;3159100;0
31;3160900;0
31;3104809;0
31;3109204;0
31;3119104;0
31;3120904;0
31;3125705;0
31;3131109;0
31;3136405;0
31;3142502;0
31;3143609;0
31;3153202;0
31;3160603;0
31;3120102;0
31;3121001;0
31;3121605;1
31;3125408;0
31;3127602;0
31;3153301;0
31;3125507;0
31;3165909;0
31;3114204;0
31;3116605;0
31;3117603;0
31;3122306;1
31;3130200;0
31;3133808;1
31;3145208;0
31;3149705;0
31;3160405;0
31;3161809;0
31;3164605;0
31;3104205;1
31;3110400;0
31;3119955;0
31;3126109;0
31;3133501;0
31;3146503;0
31;3148905;0
31;3150505;0
31;3111101;0
31;3114550;0
31;3116902;0
31;3127008;0
31;3127107;0
31;3133402;0
31;3134400;1
31;3138625;0
31;3150703;0
31;3151602;0
31;3161304;0
31;3170438;0
31;3101805;0
31;3110806;0
31;3112653;0
31;3119203;0
31;3122108;0
31;3123700;0
31;3125804;0
31;3126901;0
31;3127305;0
31;3127701;3
31;3132701;0
31;3133204;0
31;3135076;0
31;3140100;0
31;3171501;0
31;3144201;0
31;3144904;0
31;3150000;0
31;3161601;0
31;3161650;0
31;3163003;0
31;3163300;0
31;3167707;0
31;3169505;0
31;3171907;0
31;3108503;0
31;3120300;0
31;3127800;0
31;3132008;0
31;3136579;0
31;3146255;0
31;3108800;0
31;3113800;0
31;3116803;0
31;3122207;0
31;3123106;0
31;3127503;0
31;3128006;0
31;3140605;0
31;3148400;0
31;3156809;0
31;3157500;0
31;3162807;0
31;3165503;0
31;3166105;0
31;3171808;0
31;3100500;0
31;3103009;0
31;3106309;0
31;3119401;1
31;3131307;0
31;3135001;0
31;3136108;0
31;3140308;0
31;3141702;0
31;3144359;0
31;3149952;0
31;3158953;0
31;3168705;0
31;3102308;0
31;3105400;0
31;3106002;0
31;3107703;0
31;3115359;0
31;3121803;0
31;3125903;0
31;3131703;0
31;3136207;0
31;3144706;0
31;3136603;0
31;3155702;0
31;3157203;0
31;3158003;0
31;3161007;0
31;3161908;0
31;3163409;0
31;3168309;0
31;3106408;0
31;3108107;0
31;3120607;0
31;3132206;0
31;3133709;0
31;3135407;0
31;3142304;0
31;3150406;0
31;3155306;0
31;3108909;0
31;3118502;0
31;3120508;0
31;3121100;0
31;3122801;0
31;3132404;0
31;3139904;1
31;3140407;0
31;3147303;0
31;3150901;0
31;3151008;0
31;3171709;0
31;3172202;0
31;3109808;0
31;3112604;0
31;3129103;0
31;3131406;0
31;3134202;3
31;3159803;0
31;3115474;0
31;3124302;0
31;3127339;0
31;3135050;0
31;3135100;0
31;3139250;0
31;3141009;0
31;3142908;0
31;3145059;0
31;3146552;0
31;3152204;0
31;3154507;0
31;3166956;0
31;3108255;0
31;3116159;0
31;3117836;0
31;3130051;0
31;3132107;0
31;3135209;0
31;3136959;0
31;3139300;0
31;3140852;0
31;3142254;0
31;3142700;0
31;3149150;0
31;3150570;0
31;3161106;0
31;3162450;0
31;3170529;0
31;3103306;0
31;3106101;0
31;3106804;0
31;3106903;0
31;3115904;0
31;3116209;0
31;3119609;0
31;3121308;0
31;3125002;0
31;3127388;0
31;3128501;0
31;3136702;5
31;3138609;0
31;3139805;0
31;3140209;0
31;3140803;0
31;3145406;0
31;3145703;0
31;3146602;0
31;3149408;0
31;3149507;0
31;3150109;0
31;3155405;0
31;3155900;0
31;3156205;0
31;3157278;0
31;3159407;0
31;3159308;0
31;3158607;0
31;3160702;1
31;3162906;0
31;3165602;0
31;3167509;0
31;3114600;0
31;3130408;0
31;3130804;0
31;3134301;0
31;3134509;0
31;3138203;1
31;3138708;0
31;3144607;0
31;3154705;0
31;3100302;0
31;3102050;0
31;3153509;0
31;3112109;0
31;3112901;0
31;3116001;0
31;3123528;0
31;3137700;0
31;3138674;0
31;3139409;1
31;3139508;0
31;3140530;0
31;3140902;0
31;3148756;0
31;3154150;0
31;3157906;0
31;3158904;0
31;3162559;0
31;3163607;0
31;3167608;0
31;3115706;0
31;3131802;0
31;3139607;1
31;3141504;0
31;3144672;0
31;3161056;0
31;3162575;0
31;3108602;0
31;3111150;0
31;3112703;0
31;3116506;0
31;3118809;0
31;3126703;0
31;3127354;0
31;3129657;0
31;3135357;0
31;3136801;0
31;3138658;0
31;3138682;0
31;3142007;0
31;3143302;2
31;3147956;0
31;3152131;0
31;3162252;0
31;3162401;0
31;3162658;0
31;3170008;0
31;3170909;0
31;3171030;0
31;3103108;0
31;3105509;0
31;3110103;0
31;3113305;1
31;3122009;0
31;3124203;0
31;3124906;0
31;3125309;0
31;3125952;0
31;3142106;0
31;3142205;0
31;3143906;1
31;3145877;0
31;3148202;0
31;3149002;0
31;3156452;0
31;3161403;0
31;3164431;0
31;3169208;0
31;3171402;0
31;3100906;0
31;3106606;0
31;3113701;0
31;3120151;0
31;3127057;0
31;3138906;0
31;3144300;0
31;3157658;0
31;3166709;0
31;3170305;0
31;3108008;0
31;3114006;0
31;3114501;0
31;3130002;0
31;3145604;0
31;3147709;0
31;3150604;0
31;3159902;0
31;3161205;0
31;3121704;0
31;3131901;1
31;3140001;0
31;3146107;0
31;3126000;0
31;3145802;0
31;3147105;2
31;3151404;1
31;3163102;0
31;3108552;0
31;3128600;0
31;3136306;1
31;3137106;0
31;3137536;0
31;3147006;1
31;3153400;0
31;3161700;0
31;3170750;0
31;3171006;1
31;3101904;0
31;3107604;0
31;3112406;0
31;3112802;0
31;3115102;0
31;3116407;0
31;3121209;0
31;3126307;0
31;3129707;0
31;3133758;0
31;3147907;1
31;3152907;0
31;3162203;0
31;3162948;0
31;3103801;0
31;3114303;1
31;3128907;0
31;3137502;0
31;3141207;0
31;3148004;2
31;3155504;0
31;3159704;0
31;3162104;0
31;3168903;0
31;3100104;0
31;3119302;0
31;3120706;0
31;3123502;0
31;3124807;0
31;3127909;0
31;3131604;0
31;3143104;0
31;3148103;0
31;3156403;0
31;3166808;0
31;3100609;0
31;3112059;0
31;3126950;0
31;3136553;0
31;3148608;0
31;3158201;0
31;3163508;0
31;3164100;0
31;3164506;0
31;3102704;0
31;3117009;0
31;3133303;0
31;3141405;0
31;3148707;0
31;3109402;0
31;3129608;0
31;3135605;0
31;3137304;0
31;3138104;0
31;3151206;1
31;3154457;0
31;3157609;0
31;3164209;0
31;3170800;0
31;3105103;0
31;3119807;0
31;3123403;0
31;3130309;0
31;3141306;0
31;3151503;0
31;3164308;0
31;3168200;0
31;3170602;0
31;3101409;0
31;3102605;0
31;3105301;0
31;3108404;0
31;3110301;0
31;3111002;0
31;3129905;0
31;3130606;0
31;3134905;0
31;3143401;0
31;3146008;0
31;3151800;1
31;3159209;0
31;3100401;0
31;3105707;0
31;3122702;0
31;3128204;0
31;3135506;0
31;3145851;0
31;3150208;0
31;3152105;0
31;3154002;0
31;3154903;0
31;3155009;0
31;3157401;0
31;3160108;0
31;3164001;0
31;3165560;0
31;3166303;0
31;3170503;0
31;3171154;0
31;3107901;0
31;3108305;0
31;3109105;0
31;3110509;0
31;3110608;0
31;3117900;0
31;3119906;0
31;3124401;0
31;3124500;0
31;3125101;0
31;3127404;0
31;3131505;0
31;3133600;0
31;3143807;0
31;3152501;1
31;3165404;0
31;3165578;0
31;3165800;0
31;3169059;0
31;3169109;0
31;3101003;0
31;3106655;0
31;3120870;0
31;3122355;0
31;3127073;0
31;3130655;0
31;3143450;0
31;3144656;0
31;3145372;0
31;3155603;0
31;3156502;0
31;3157005;0
31;3157377;0
31;3160454;0
31;3162708;0
31;3168002;1
31;3170651;0
31;3109709;0
31;3113602;0
31;3117207;0
31;3117801;0
31;3119005;0
31;3129202;0
31;3144409;0
31;3149101;0
31;3159605;0
31;3162005;0
31;3162302;0
31;3163201;0
31;3164407;0
31;3167400;0
31;3169802;0
31;3115201;0
31;3119708;0
31;3123007;0
31;3137403;0
31;3139102;0
31;3144508;0
31;3150307;0
31;3152709;0
31;3154200;0
31;3156106;0
31;3157336;0
31;3158706;0
31;3162500;0
31;3165008;0
31;3168804;0
31;3101300;0
31;3104908;0
31;3110707;0
31;3114105;0
31;3115508;0
31;3117702;0
31;3133006;1
31;3133105;0
31;3135902;0
31;3137809;0
31;3145505;0
31;3147600;0
31;3152600;0
31;3163706;0
31;3164902;0
31;3167806;0
31;3104106;0
31;3109501;0
31;3128303;0
31;3128709;0
31;3132909;0
31;3134806;0
31;3136900;0
31;3143005;0
31;3143203;0
31;3144102;0
31;3145109;0
31;3163904;0
31;3164704;0
31;3165107;0
31;3103207;0
31;3105004;0
31;3109600;0
31;3109907;0
31;3112505;0
31;3118908;0
31;3126406;0
31;3127206;0
31;3131000;0
31;3134608;0
31;3135704;0
31;3139706;0
31;3141108;0
31;3146909;0
31;3147402;1
31;3149606;0
31;3153608;0
31;3158508;0
31;3159001;0
31;3167202;2
31;3104700;0
31;3115458;0
31;3126752;0
31;3126802;0
31;3132305;0
31;3137007;0
31;3139201;0
31;3145356;0
31;3146206;0
31;3148509;0
31;3152402;0
31;3165552;0
31;3168606;0
31;3100203;0
31;3107000;0
31;3115607;0
31;3143500;0
31;3146404;0
31;3152006;1
31;3169356;0
31;3104601;0
31;3121902;0
31;3123304;0
31;3128402;0
31;3128808;0
31;3129004;0
31;3141603;0
31;3151305;0
31;3155801;0
31;3156304;0
31;3161502;0
31;3165701;0
31;3167301;0
31;3167905;0
31;3169000;0
31;3169901;1
31;3172004;0
31;3100708;0
31;3111408;0
31;3117306;0
31;3118205;0
31;3121258;0
31;3170107;2
31;3171105;0
31;3103504;0
31;3103751;0
31;3111804;0
31;3115003;0
31;3115805;0
31;3130705;0
31;3142809;0
31;3152808;0
31;3169604;0
31;3170206;2
31;3104502;0
31;3108206;0
31;3109303;0
31;3109451;0
31;3122470;0
31;3126208;0
31;3144375;0
31;3170404;0
31;3170479;0
31;3107109;1
31;3110905;0
31;3111309;0
31;3111606;0
31;3113909;0
31;3118700;0
31;3123601;0
31;3128105;0
31;3130507;0
31;3142601;0
31;3158300;0
31;3160801;0
31;3165206;0
31;3169307;0
31;3169406;0
31;3170701;0
31;3102100;0
31;3102506;0
31;3103702;0
31;3108701;0
31;3110202;0
31;3111705;0
31;3116308;0
31;3116704;0
31;3124005;0
31;3137908;0
31;3148301;0
31;3148806;0
31;3150802;0
31;3152303;0
31;3153103;0
31;3155207;0
31;3163805;0
31;3166006;0
31;3168507;0
31;3171303;0
32;3200102;1
32;3201159;0
32;3201704;0
32;3201902;0
32;3203163;0
32;3203346;0
32;3205069;1
32;3200201;0
32;3201803;0
32;3202009;0
32;3202306;0
32;3202454;0
32;3202553;0
32;3202652;0
32;3203007;0
32;3203700;1
32;3200169;0
32;3200904;0
32;3202108;0
32;3203304;0
32;3200508;0
32;3200706;0
32;3201100;0
32;3201209;3
32;3201407;1
32;3203106;0
32;3203403;0
32;3203809;0
32;3204807;0
32;3205036;0
32;3200359;0
32;3200805;0
32;3201506;2
32;3202256;0
32;3203353;0
32;3204005;0
32;3204658;0
32;3200300;0
32;3200409;0
32;3202405;0
32;3202603;0
32;3204203;0
32;3204401;0
32;3202801;0
32;3203320;0
32;3204302;0
32;3200607;1
32;3202207;0
32;3202504;0
32;3203130;0
32;3203205;1
32;3204351;0
32;3205010;0
32;3203502;0
32;3203601;0
32;3204104;0
32;3204252;0
32;3200136;0
32;3201001;0
32;3203908;1
32;3204708;2
32;3205150;0
32;3205176;0
32;3202702;0
32;3202900;0
32;3204500;0
32;3204559;0
32;3204609;1
32;3204955;0
32;3201605;0
32;3203056;1
32;3204054;0
32;3204906;1
32;3201308;4
32;3205002;1
32;3205101;1
32;3205200;3
32;3205309;6
33;3301306;0
33;3304524;0
33;3305604;0
33;3300100;0
33;3303807;0
33;3300308;1
33;3304508;0
33;3306107;1
33;3301009;2
33;3301157;0
33;3304805;1
33;3304755;0
33;3305000;0
33;3301108;1
33;3301207;0
33;3301504;0
33;3302452;0
33;3302007;1
33;3302601;0
33;3305554;0
33;3300605;0
33;3302056;0
33;3302205;3
33;3302304;0
33;3303104;0
33;3304102;0
33;3306156;0
33;3300209;0
33;3300233;0
33;3300258;0
33;3300704;0
33;3301876;0
33;3305208;0
33;3305505;2
33;3300803;1
33;3304300;0
33;3300936;0
33;3301405;0
33;3302403;0
33;3304151;0
33;3300506;0
33;3301603;0
33;3303401;0
33;3305703;0
33;3300456;0
33;3301702;0
33;3301850;0
33;3301900;0
33;3302270;0
33;3302502;0
33;3302700;0
33;3302858;1
33;3303203;1
33;3303302;2
33;3303500;3
33;3304144;0
33;3304557;12
33;3304904;1
33;3305109;1
33;3305752;0
33;3304607;0
33;3305307;0
33;3305901;0
33;3300159;0
33;3300902;0
33;3302106;1
33;3303005;0
33;3304706;0
33;3305133;0
33;3303906;0
33;3305158;0
33;3305802;0
33;3300225;0
33;3300951;0
33;3303708;0
33;3305406;0
33;3306008;0
33;3300407;2
33;3302254;0
33;3303955;0
33;3304003;0
33;3304110;0
33;3304128;0
33;3304201;1
33;3304409;0
33;3306305;2
33;3301801;0
33;3302809;0
33;3302908;0
33;3303609;0
33;3303856;0
33;3306206;0
35;3500105;0
35;3515806;0
35;3516002;0
35;3520806;0
35;3521606;0
35;3527405;0
35;3528908;0
35;3534609;1
35;3534906;0
35;3536000;0
35;3540853;0
35;3543808;0
35;3544707;0
35;3545100;0
35;3500501;0
35;3501905;1
35;3527009;0
35;3531209;0
35;3536802;0
35;3538204;0
35;3551603;0
35;3552106;1
35;3502101;1
35;3511003;0
35;3517802;0
35;3520442;1
35;3523008;0
35;3530102;0
35;3532108;0
35;3533205;0
35;3537404;0
35;3552304;0
35;3552551;0
35;3502804;1
35;3506201;0
35;3518206;0
35;3526506;0
35;3544400;0
35;3548054;0
35;3556305;0
35;3501707;0
35;3503208;1
35;3506706;0
35;3507407;0
35;3514007;0
35;3516853;0
35;3519600;0
35;3522703;0
35;3529302;1
35;3532058;0
35;3532900;0
35;3543709;0
35;3546900;0
35;3552700;0
35;3554755;0
35;3504008;1
35;3507209;0
35;3509809;0
35;3510005;1
35;3513306;0
35;3516101;0
35;3519501;0
35;3519907;0
35;3527900;0
35;3528809;0
35;3532157;0
35;3535309;0
35;3535507;1
35;3537156;0
35;3539707;0
35;3541703;0
35;3553955;0
35;3504206;0
35;3515905;0
35;3516804;0
35;3516903;0
35;3518909;0
35;3528304;0
35;3532868;0
35;3533304;0
35;3549250;0
35;3500550;0
35;3503109;0
35;3504503;0
35;3511409;0
35;3519253;0
35;3521804;0
35;3523503;0
35;3535804;0
35;3503158;0
35;3503505;0
35;3504909;0
35;3549607;0
35;3552007;0
35;3505500;3
35;3512001;0
35;3512100;0
35;3501004;0
35;3505906;0
35;3509403;0
35;3510906;0
35;3546256;0
35;3547908;0
35;3500709;0
35;3503406;0
35;3503604;0
35;3504305;0
35;3504701;0
35;3506003;1
35;3507456;0
35;3508306;0
35;3514502;0
35;3518107;0
35;3519105;0
35;3526803;0
35;3527504;0
35;3536570;0
35;3538907;0
35;3539400;0
35;3540101;0
35;3541109;0
35;3542503;0
35;3555505;0
35;3555901;0
35;3501103;0
35;3504404;0
35;3505104;0
35;3506409;0
35;3506508;1
35;3507704;0
35;3507753;0
35;3508108;0
35;3511904;0
35;3512506;1
35;3516507;0
35;3517109;0
35;3527256;0
35;3527702;0
35;3537305;3
35;3537701;0
35;3548401;0
35;3555208;0
35;3502309;0
35;3506904;0
35;3507506;2
35;3512308;0
35;3536109;0
35;3541059;0
35;3550100;0
35;3504107;0
35;3507100;0
35;3507605;1
35;3523404;1
35;3525201;1
35;3525508;0
35;3532009;0
35;3532405;1
35;3538600;0
35;3554953;0
35;3556354;0
35;3501608;3
35;3509502;4
35;3512803;0
35;3514908;0
35;3519055;0
35;3519071;0
35;3520509;2
35;3524709;0
35;3531803;0
35;3533403;0
35;3536505;0
35;3537107;3
35;3545803;1
35;3552403;0
35;3556206;0
35;3556701;0
35;3509700;0
35;3531704;0
35;3548203;0
35;3548609;0
35;3502705;0
35;3505351;0
35;3510203;0
35;3517604;0
35;3521200;0
35;3522158;0
35;3522653;0
35;3542800;0
35;3543006;0
35;3543253;0
35;3510500;1
35;3520400;0
35;3550704;0
35;3555406;0
35;3503703;0
35;3509304;0
35;3511102;1
35;3511201;0
35;3514924;0
35;3514957;0
35;3533254;0
35;3535101;0
35;3535705;0
35;3538105;0
35;3545605;0
35;3551900;0
35;3552601;0
35;3514403;1
35;3526001;0
35;3531605;0
35;3533106;0
35;3534807;0
35;3535408;0
35;3536406;0
35;3547106;0
35;3549300;0
35;3555109;0
35;3515202;0
35;3515509;0
35;3518008;0
35;3520707;0
35;3528205;0
35;3529609;0
35;3530003;0
35;3534757;0
35;3536901;0
35;3549201;0
35;3555307;0
35;3513207;0
35;3516200;1
35;3523701;0
35;3525409;0
35;3536307;0
35;3537008;0
35;3542701;0
35;3543105;0
35;3543600;0
35;3549508;0
35;3509007;0
35;3516309;0
35;3516408;0
35;3528502;0
35;3502507;1
35;3508603;0
35;3509957;0
35;3513405;0
35;3518404;0
35;3526605;0
35;3527207;0
35;3538501;0
35;3540754;0
35;3541901;0
35;3544301;0
35;3503901;1
35;3518800;1
35;3546801;0
35;3522109;0
35;3523305;0
35;3531100;0
35;3537206;0
35;3537602;0
35;3513009;0
35;3515004;1
35;3515103;1
35;3522208;1
35;3526209;0
35;3549953;0
35;3552809;0
35;3556453;0
35;3500758;0
35;3502200;0
35;3509452;0
35;3518503;0
35;3522307;1
35;3505005;0
35;3507159;0
35;3508009;1
35;3512605;0
35;3521705;0
35;3522406;2
35;3522802;0
35;3523206;0
35;3532827;0
35;3543501;0
35;3553807;0
35;3553856;0
35;3503000;0
35;3508207;0
35;3517703;0
35;3520103;0
35;3524105;1
35;3506102;0
35;3510104;0
35;3515608;0
35;3518602;0
35;3524303;1
35;3531308;0
35;3531506;0
35;3539004;0
35;3539509;0
35;3546504;0
35;3553104;0
35;3553203;0
35;3553658;0
35;3553708;0
35;3554409;0
35;3556800;0
35;3556909;0
35;3502606;0
35;3503950;0
35;3513850;0
35;3514205;0
35;3524808;1
35;3529104;0
35;3529658;0
35;3532843;0
35;3535200;0
35;3535903;0
35;3540259;0
35;3540408;0
35;3544509;0
35;3545704;0
35;3546108;0
35;3546603;1
35;3547403;0
35;3547650;0
35;3547205;0
35;3549003;0
35;3554904;0
35;3555802;0
35;3556958;0
35;3505203;0
35;3505302;1
35;3506805;0
35;3507308;0
35;3514106;0
35;3520004;0
35;3522000;0
35;3522901;0
35;3525300;0
35;3528007;0
35;3529807;0
35;3536703;0
35;3509601;0
35;3524006;0
35;3525904;3
35;3527306;0
35;3556503;0
35;3503307;2
35;3512209;0
35;3512407;0
35;3521408;0
35;3526704;1
35;3526902;3
35;3546207;0
35;3546702;0
35;3508801;0
35;3517000;0
35;3517208;0
35;3517307;0
35;3525805;0
35;3527108;0
35;3541604;0
35;3544608;0
35;3501400;0
35;3501509;0
35;3514700;0
35;3515657;0
35;3516606;0
35;3516705;0
35;3527801;0
35;3529005;2
35;3533700;0
35;3534104;0
35;3534500;0
35;3540002;0
35;3556602;0
35;3506607;0
35;3515707;0
35;3518305;0
35;3523107;0
35;3530607;1
35;3539806;0
35;3545001;0
35;3552502;0
35;3503802;0
35;3515152;0
35;3557303;0
35;3522604;1
35;3530706;0
35;3530805;0
35;3548005;0
35;3528106;0
35;3531001;0
35;3531407;0
35;3532504;0
35;3532603;0
35;3532702;0
35;3539905;0
35;3551306;0
35;3555703;0
35;3521507;0
35;3521903;0
35;3528858;0
35;3533502;0
35;3544806;0
35;3556008;0
35;3505708;1
35;3509205;0
35;3510609;0
35;3522505;1
35;3525003;0
35;3534401;1
35;3539103;0
35;3547304;0
35;3506300;0
35;3510153;0
35;3557204;0
35;3515194;0
35;3515400;0
35;3520905;0
35;3528601;0
35;3533809;0
35;3534708;2
35;3538808;0
35;3543204;0
35;3545407;0
35;3546405;0
35;3550506;0
35;3551207;0
35;3553005;0
35;3554201;0
35;3554607;0
35;3513603;0
35;3524907;0
35;3526308;0
35;3532306;0
35;3535606;0
35;3542305;0
35;3550001;0
35;3519709;0
35;3537800;0
35;3537909;0
35;3550209;0
35;3553500;0
35;3500600;0
35;3510401;0
35;3511706;0
35;3525854;0
35;3530904;0
35;3538709;3
35;3542107;0
35;3544004;0
35;3545159;0
35;3547007;0
35;3550407;0
35;3554508;1
35;3500303;0
35;3539301;1
35;3540705;0
35;3546306;0
35;3500808;0
35;3501301;0
35;3502408;0
35;3508900;0
35;3509106;0
35;3515129;0
35;3515301;0
35;3515350;0
35;3520608;0
35;3525607;0
35;3528700;0
35;3529203;0
35;3530201;0
35;3532207;0
35;3538303;0
35;3539202;0
35;3541208;0
35;3541307;0
35;3541406;3
35;3541505;0
35;3542206;0
35;3542404;0
35;3543238;0
35;3544251;0
35;3545506;0
35;3547700;1
35;3548302;0
35;3552908;0
35;3553906;0
35;3554300;0
35;3505401;0
35;3509254;0
35;3509908;0
35;3514809;0
35;3520301;1
35;3520426;0
35;3524600;0
35;3526100;0
35;3529906;1
35;3536208;0
35;3542602;2
35;3551801;1
35;3505609;0
35;3507803;0
35;3513108;0
35;3514601;0
35;3518859;0
35;3525102;0
35;3527603;0
35;3540200;0
35;3540903;0
35;3543402;7
35;3547502;0
35;3547601;0
35;3550902;0
35;3551405;0
35;3551504;0
35;3551702;1
35;3507902;0
35;3512704;0
35;3521101;0
35;3523602;0
35;3543907;3
35;3554706;0
35;3506359;0
35;3513504;0
35;3518701;0
35;3541000;0
35;3548500;1
35;3551009;0
35;3502002;0
35;3513702;0
35;3514304;0
35;3519303;0
35;3542909;0
35;3548906;1
35;3500402;0
35;3508702;0
35;3510807;1
35;3513900;0
35;3515186;0
35;3523800;0
35;3530508;0
35;3548104;0
35;3549102;2
35;3549706;0
35;3550803;0
35;3553302;1
35;3553609;0
35;3556404;2
35;3517406;0
35;3521309;0
35;3524204;0
35;3529708;0
35;3531902;0
35;3533601;0
35;3534302;0
35;3544905;0
35;3549409;0
35;3500204;0
35;3500907;0
35;3504602;0
35;3504800;0
35;3511300;0
35;3517505;0
35;3517901;0
35;3519402;0
35;3519808;0
35;3521150;0
35;3524501;0
35;3525706;0
35;3529500;0
35;3530300;0
35;3530409;0
35;3532801;0
35;3533007;0
35;3533908;0
35;3534005;0
35;3534203;0
35;3535002;0
35;3536604;0
35;3539608;0
35;3540804;0
35;3549805;3
35;3553401;0
35;3555356;0
35;3555604;0
35;3557154;0
35;3508504;0
35;3520202;0
35;3524402;0
35;3538006;0
35;3546009;0
35;3549904;5
35;3554102;1
35;3554805;0
35;3513801;0
35;3529401;0
35;3543303;0
35;3544103;0
35;3547809;1
35;3548708;0
35;3548807;2
35;3550308;30
35;3501152;0
35;3502754;0
35;3502903;0
35;3508405;0
35;3510302;0
35;3521002;0
35;3523909;3
35;3528403;0
35;3540606;0
35;3545209;1
35;3545308;1
35;3550605;1
35;3551108;0
35;3552205;2
35;3557006;0
35;3507001;0
35;3511508;1
35;3511607;0
35;3526407;0
35;3537503;0
35;3540507;0
35;3541653;0
35;3554003;2
35;3554656;0
35;3503356;0
35;3505807;0
35;3519006;0
35;3519204;0
35;3541802;0
35;3542008;0
35;3555000;1
35;3501202;0
35;3501806;0
35;3510708;0
35;3512902;0
35;3536257;0
35;3540309;0
35;3544202;0
35;3556107;0
35;3557105;0
41;4101408;1
41;4101507;1
41;4103503;0
41;4103800;0
41;4112108;0
41;4114906;0
41;4115754;0
41;4117297;0
41;4122701;0
41;4101903;2
41;4112702;0
41;4117214;0
41;4121307;0
41;4123204;0
41;4124707;0
41;4126009;0
41;4128401;0
41;4101150;0
41;4102109;0
41;4102208;0
41;4103404;0
41;4105102;0
41;4105904;0
41;4108106;0
41;4109203;0
41;4110003;0
41;4110904;0
41;4111902;0
41;4113601;0
41;4113809;0
41;4114104;0
41;4116307;0
41;4116406;0
41;4116901;0
41;4120408;0
41;4123402;0
41;4123600;0
41;4124509;0
41;4128302;0
41;4101705;0
41;4102505;0
41;4104303;1
41;4106555;0
41;4107504;0
41;4107553;0
41;4107702;0
41;4110805;0
41;4113734;0
41;4114005;0
41;4118808;0
41;4121109;0
41;4122503;0
41;4127205;0
41;4101002;0
41;4102752;0
41;4104501;1
41;4119004;0
41;4119806;1
41;4120358;0
41;4121406;1
41;4123808;0
41;4101051;0
41;4103057;0
41;4103354;0
41;4103453;0
41;4104055;0
41;4104600;0
41;4104808;5
41;4105003;0
41;4106308;0
41;4107124;0
41;4109302;0
41;4109757;0
41;4110052;0
41;4113452;0
41;4116703;0
41;4123824;0
41;4124020;0
41;4127858;0
41;4100202;0
41;4105201;1
41;4128633;0
41;4105508;1
41;4105607;0
41;4109104;0
41;4110409;0
41;4112405;0
41;4113007;0
41;4122602;0
41;4125555;0
41;4126108;0
41;4126801;0
41;4127908;0
41;4100103;0
41;4101101;0
41;4102406;1
41;4106001;0
41;4106407;0
41;4111001;0
41;4113403;0
41;4116604;0
41;4117008;0
41;4121901;0
41;4123105;0
41;4123907;0
41;4124301;0
41;4126405;0
41;4100400;0
41;4101804;0
41;4102307;0
41;4103107;1
41;4104006;0
41;4104204;1
41;4104253;0
41;4105805;4
41;4106209;0
41;4106902;12
41;4107652;0
41;4111258;0
41;4114302;1
41;4119152;0
41;4119509;0
41;4120804;1
41;4122206;0
41;4125506;2
41;4127882;0
41;4103206;0
41;4103305;0
41;4106852;0
41;4107603;0
41;4113106;0
41;4115507;0
41;4122107;0
41;4107306;0
41;4107801;0
41;4107900;0
41;4111100;0
41;4111605;0
41;4117404;0
41;4125308;0
41;4105300;0
41;4108304;1
41;4110953;0
41;4115606;0
41;4115804;1
41;4116059;0
41;4121257;0
41;4124053;0
41;4125704;0
41;4126355;0
41;4128559;0
41;4102604;0
41;4103024;0
41;4103156;0
41;4106571;0
41;4107207;1
41;4107405;0
41;4107850;0
41;4108403;4
41;4114351;0
41;4115408;0
41;4116950;0
41;4117255;1
41;4119251;0
41;4121604;0
41;4122800;0
41;4123006;1
41;4124400;0
41;4125209;0
41;4128609;0
41;4100459;0
41;4103008;0
41;4103909;1
41;4108601;0
41;4112207;0
41;4112959;0
41;4116109;0
41;4116802;0
41;4120655;0
41;4121356;0
41;4128005;0
41;4103958;0
41;4104428;0
41;4104451;0
41;4107546;0
41;4108452;0
41;4108650;0
41;4109401;1
41;4110201;1
41;4113304;1
41;4115457;0
41;4117057;0
41;4119301;0
41;4120150;0
41;4120903;1
41;4121752;0
41;4122156;0
41;4127965;0
41;4128658;0
41;4106100;0
41;4107009;0
41;4107751;0
41;4109708;0
41;4111704;0
41;4112306;0
41;4119202;0
41;4126207;0
41;4110706;2
41;4113908;0
41;4121505;0
41;4122008;0
41;4101655;0
41;4101853;0
41;4104402;0
41;4108551;0
41;4108700;0
41;4111506;0
41;4112504;0
41;4113429;0
41;4113759;0
41;4114500;0
41;4117271;0
41;4122172;0
41;4122651;0
41;4125001;0
41;4125803;0
41;4102703;0
41;4103602;0
41;4111803;0
41;4112900;0
41;4121802;0
41;4124103;1
41;4101606;0
41;4112009;0
41;4119400;0
41;4126306;0
41;4113205;1
41;4120101;0
41;4103701;1
41;4109807;0
41;4113700;6
41;4119657;0
41;4122404;0
41;4126678;0
41;4114203;0
41;4114807;0
41;4115200;6
41;4117503;0
41;4126256;0
41;4105706;0
41;4106456;0
41;4109658;0
41;4114401;0
41;4117602;2
41;4101200;0
41;4109500;0
41;4109609;0
41;4115705;0
41;4116208;0
41;4118204;0
41;4119954;0
41;4100608;0
41;4100905;0
41;4106704;0
41;4107108;0
41;4108908;0
41;4110300;0
41;4111308;0
41;4112603;0
41;4113502;0
41;4115002;0
41;4115903;0
41;4116505;0
41;4117107;0
41;4118006;0
41;4118105;0
41;4118303;0
41;4118402;1
41;4119707;0
41;4120200;0
41;4121000;0
41;4123303;0
41;4123709;0
41;4123956;0
41;4124202;0
41;4124608;0
41;4124905;0
41;4125902;0
41;4126702;0
41;4127304;0
41;4103222;0
41;4105409;0
41;4106506;1
41;4111209;0
41;4115309;0
41;4118501;1
41;4124806;0
41;4126272;0
41;4126652;0
41;4128708;0
41;4103040;0
41;4113254;0
41;4115739;0
41;4117800;1
41;4119608;0
41;4123857;1
41;4104659;0
41;4104907;1
41;4117701;0
41;4119905;3
41;4100806;0
41;4102802;0
41;4108007;0
41;4116000;0
41;4120002;0
41;4120333;0
41;4120507;0
41;4126504;0
41;4107736;0
41;4108957;0
41;4110102;0
41;4110508;0
41;4111407;0
41;4120606;1
41;4127007;0
41;4100301;0
41;4104105;0
41;4119103;0
41;4121208;0
41;4122305;0
41;4127601;0
41;4101309;0
41;4125100;0
41;4125605;1
41;4110078;0
41;4117305;0
41;4121703;0
41;4127106;1
41;4127502;0
41;4128534;0
41;4102000;1
41;4107157;0
41;4107538;0
41;4108205;0
41;4108809;0
41;4110656;0
41;4112751;0
41;4114609;1
41;4115358;0
41;4115853;0
41;4117222;0
41;4117453;0
41;4117909;1
41;4118451;0
41;4120853;0
41;4123501;2
41;4125456;0
41;4125753;0
41;4127403;0
41;4127700;2
41;4127957;0
41;4128625;0
41;4100707;0
41;4100509;0
41;4103370;0
41;4103479;0
41;4106605;0
41;4107256;0
41;4107520;0
41;4108320;0
41;4109906;0
41;4110607;0
41;4111555;0
41;4114708;0
41;4115101;0
41;4117206;0
41;4118857;0
41;4118907;0
41;4125357;0
41;4126900;0
41;4128104;2
41;4128807;0
41;4102901;0
41;4106803;0
41;4108502;0
41;4118600;0
41;4118709;0
41;4120309;0
41;4128203;0
41;4104709;0
41;4109005;0
41;4112801;0
41;4120705;1
41;4122909;0
41;4124004;0
41;4125407;0
41;4126603;0
41;4127809;0
41;4128500;0
42;4201406;1
42;4201950;0
42;4202073;0
42;4205191;0
42;4208708;0
42;4210407;0
42;4210803;0
42;4211256;0
42;4212254;0
42;4213807;0
42;4215653;0
42;4216404;0
42;4217709;1
42;4218103;0
42;4218806;1
42;4201257;0
42;4201703;0
42;4202206;0
42;4202404;5
42;4202701;0
42;4202909;2
42;4205159;0
42;4205902;1
42;4206306;0
42;4207502;1
42;4210001;0
42;4213203;0
42;4214706;0
42;4215109;0
42;4218202;1
42;4201000;0
42;4202438;0
42;4202503;0
42;4202602;0
42;4203402;0
42;4203253;0
42;4204152;0
42;4204178;0
42;4204558;0
42;4209300;2
42;4211751;0
42;4211892;0
42;4212056;0
42;4215059;0
42;4216503;0
42;4216800;0
42;4218905;0
42;4218954;0
42;4202131;0
42;4203808;3
42;4207908;0
42;4208104;1
42;4210100;3
42;4210308;0
42;4211108;0
42;4212205;1
42;4213609;1
42;4215679;0
42;4218251;0
42;4218301;0
42;4200507;0
42;4200556;0
42;4202578;0
42;4203105;1
42;4203501;1
42;4204103;0
42;4204202;5
42;4204350;0
42;4204400;0
42;4204707;0
42;4204756;0
42;4205357;0
42;4205431;0
42;4206652;0
42;4207759;0
42;4207858;0
42;4208955;0
42;4210506;1
42;4210902;0
42;4211405;0
42;4211454;0
42;4211652;0
42;4212106;1
42;4212908;1
42;4213153;0
42;4214201;2
42;4215356;0
42;4215687;0
42;4215695;0
42;4215752;0
42;4216008;0
42;4216909;1
42;4217154;0
42;4217303;0
42;4217550;0
42;4217758;0
42;4217956;0
42;4218855;0
42;4200754;0
42;4201273;0
42;4201653;0
42;4204301;3
42;4207601;0
42;4207700;0
42;4207809;0
42;4208005;0
42;4209854;0
42;4211876;0
42;4212601;0
42;4213104;0
42;4213906;0
42;4217501;0
42;4219606;0
42;4204251;0
42;4204608;2
42;4205456;3
42;4207007;3
42;4209607;0
42;4211207;0
42;4211603;0
42;4217600;0
42;4218350;0
42;4219002;1
42;4200051;0
42;4202875;0
42;4203600;1
42;4204806;0
42;4205555;0
42;4211058;0
42;4213302;0
42;4213351;0
42;4215505;0
42;4216057;0
42;4219150;0
42;4219853;0
42;4201208;0
42;4202305;1
42;4205407;2
42;4206009;0
42;4211900;1
42;4212304;0
42;4215703;2
42;4216602;4
42;4217253;0
42;4202008;1
42;4212809;0
42;4202107;0
42;4202453;0
42;4203204;0
42;4207106;0
42;4208203;1
42;4208302;0
42;4211306;0
42;4212502;0
42;4213500;0
42;4216354;0
42;4200200;0
42;4201802;0
42;4204194;0
42;4207403;0
42;4208500;0
42;4212700;0
42;4219200;0
42;4200408;1
42;4201604;0
42;4203006;1
42;4203154;0
42;4203907;1
42;4204004;0
42;4205209;0
42;4205506;1
42;4206702;1
42;4206751;0
42;4206801;0
42;4207577;0
42;4208609;1
42;4209003;1
42;4209201;0
42;4209706;0
42;4210035;0
42;4210050;0
42;4210704;0
42;4211801;0
42;4213005;0
42;4214409;0
42;4215406;1
42;4217907;1
42;4218509;0
42;4219176;0
42;4219309;3
42;4201307;0
42;4202057;0
42;4204509;1
42;4205803;0
42;4206504;1
42;4208450;0
42;4208906;3
42;4209102;4
42;4210605;1
42;4216206;0
42;4217402;0
42;4200309;0
42;4201901;0
42;4202859;0
42;4205100;0
42;4206900;0
42;4209151;0
42;4209508;0
42;4209904;0
42;4210852;0
42;4213708;0
42;4214003;0
42;4214102;0
42;4214508;1
42;4214607;0
42;4214805;3
42;4215307;0
42;4217808;0
42;4218608;0
42;4219358;0
42;4219408;0
42;4203303;0
42;4215000;1
42;4215802;2
42;4200804;0
42;4202081;0
42;4202099;0
42;4202156;0
42;4204905;0
42;4205001;0
42;4206405;0
42;4206603;0
42;4207650;0
42;4208401;1
42;4211009;0
42;4212007;0
42;4212239;0
42;4214151;0
42;4215075;0
42;4215208;0
42;4215554;0
42;4216255;0
42;4216701;1
42;4217204;1
42;4218756;0
42;4200606;0
42;4200705;0
42;4201109;0
42;4214300;0
42;4215901;0
42;4200903;0
42;4203709;0
42;4209805;0
42;4210209;0
42;4211504;0
42;4216305;0
42;4218004;0
42;4201505;1
42;4202800;0
42;4203956;0
42;4205704;0
42;4206108;0
42;4206207;0
42;4207205;0
42;4207304;0
42;4208807;0
42;4209409;1
42;4211702;0
42;4212403;0
42;4214904;1
42;4215455;0
42;4215604;0
42;4217006;0
42;4217105;0
42;4218400;0
42;4218707;2
42;4200101;0
42;4202537;0
42;4204459;0
42;4205175;0
42;4205308;0
42;4205605;0
42;4207684;0
42;4209177;0
42;4209458;0
42;4210555;0
42;4211850;0
42;4212270;0
42;4213401;0
42;4216107;1
42;4219101;0
42;4219507;2
42;4219705;3
43;4303004;1
43;4305132;0
43;4313391;0
43;4313953;0
43;4314027;0
43;4314076;0
43;4315701;1
43;4300851;0
43;4301909;0
43;4303509;3
43;4305173;0
43;4305447;0
43;4306502;0
43;4320354;0
43;4321105;0
43;4316402;0
43;4316972;0
43;4317103;0
43;4318309;1
43;4300034;0
43;4301602;1
43;4306601;0
43;4309654;0
43;4311502;0
43;4300406;1
43;4301875;0
43;4308656;0
43;4310603;1
43;4311718;0
43;4311759;0
43;4315305;0
43;4318002;1
43;4318101;1
43;4322400;2
43;4300471;0
43;4301958;0
43;4302154;0
43;4304705;2
43;4305157;0
43;4305306;1
43;4305850;0
43;4310850;0
43;4311429;0
43;4312955;0
43;4313490;0
43;4313706;0
43;4314456;0
43;4316428;0
43;4317756;0
43;4318457;0
43;4319364;0
43;4320107;2
43;4300802;2
43;4302105;3
43;4302253;0
43;4304804;0
43;4305108;4
43;4305934;0
43;4305959;0
43;4307864;0
43;4307906;1
43;4308201;1
43;4308607;1
43;4312385;0
43;4313086;0
43;4313359;0
43;4317251;0
43;4319000;0
43;4322806;1
43;4323309;0
43;4303301;0
43;4303707;1
43;4305207;1
43;4309506;0
43;4312179;0
43;4315107;0
43;4316303;0
43;4316477;0
43;4319307;0
43;4319372;0
43;4320578;0
43;4300554;0
43;4302220;0
43;4302238;0
43;4304101;0
43;4306106;1
43;4307500;0
43;4308458;0
43;4310009;0
43;4310876;0
43;4311155;0
43;4315354;0
43;4316436;0
43;4316451;1
43;4316709;0
43;4300901;0
43;4301552;0
43;4301701;0
43;4301925;0
43;4302055;0
43;4303806;0
43;4304853;0
43;4305116;0
43;4306130;0
43;4306957;0
43;4306973;0
43;4307005;2
43;4307203;0
43;4307559;2
43;4308052;0
43;4308250;0
43;4308706;1
43;4308904;1
43;4310462;0
43;4310702;1
43;4310900;0
43;4311908;0
43;4312005;0
43;4314134;0
43;4314787;0
43;4315313;0
43;4319703;0
43;4320602;0
43;4321634;0
43;4322905;0
43;4300505;0
43;4300646;0
43;4303400;0
43;4305801;0
43;4306072;0
43;4306429;0
43;4306924;0
43;4307302;0
43;4308508;2
43;4309126;0
43;4310504;0
43;4311601;0
43;4312708;0
43;4313441;0
43;4313466;0
43;4313805;0
43;4314498;0
43;4314704;0
43;4315552;0
43;4315909;0
43;4316204;0
43;4320206;0
43;4321329;0
43;4321857;1
43;4321956;0
43;4323101;0
43;4323507;0
43;4304408;2
43;4306403;0
43;4309100;0
43;4310108;0
43;4310801;0
43;4311627;0
43;4312476;0
43;4313201;0
43;4314423;0
43;4315149;0
43;4315750;0
43;4316006;0
43;4316956;0
43;4321204;1
43;4321709;0
43;4300661;0
43;4300703;0
43;4301404;1
43;4306452;0
43;4309258;0
43;4309407;2
43;4310306;0
43;4310579;0
43;4312351;0
43;4312757;1
43;4312807;0
43;4312906;0
43;4313300;1
43;4314001;0
43;4315172;0
43;4315206;0
43;4318440;0
43;4319711;0
43;4320404;1
43;4322350;0
43;4323606;0
43;4300208;0
43;4300455;0
43;4301503;0
43;4302584;0
43;4305405;0
43;4305702;0
43;4305871;0
43;4305900;0
43;4310207;3
43;4310413;0
43;4313334;0
43;4313904;2
43;4314308;0
43;4317806;0
43;4319737;0
43;4301305;0
43;4307104;0
43;4311007;0
43;4301008;0
43;4302402;1
43;4302451;0
43;4304614;0
43;4304697;0
43;4305587;0
43;4305835;0
43;4306205;1
43;4306759;0
43;4306809;2
43;4307807;1
43;4308078;0
43;4308433;0
43;4310363;0
43;4311403;3
43;4312054;0
43;4312609;0
43;4313003;0
43;4314159;0
43;4315131;0
43;4315156;0
43;4315453;0
43;4315800;1
43;4316758;0
43;4320453;0
43;4320859;0
43;4321303;0
43;4321451;1
43;4321626;0
43;4322855;0
43;4323770;0
43;4305439;0
43;4315602;2
43;4317301;0
43;4318507;0
43;4300570;0
43;4301651;0
43;4302352;0
43;4302659;0
43;4304689;0
43;4308102;0
43;4309555;0
43;4311643;0
43;4311791;0
43;4312401;1
43;4314035;0
43;4314753;0
43;4314803;0
43;4316501;1
43;4318481;0
43;4318614;0
43;4319356;0
43;4319505;0
43;4319752;0
43;4322251;0
43;4322541;0
43;4305603;0
43;4311270;0
43;4312658;0
43;4320305;1
43;4321006;0
43;4321469;0
43;4323200;0
43;4301057;0
43;4301636;0
43;4304630;0
43;4304671;0
43;4304713;0
43;4305454;0
43;4306551;0
43;4310330;0
43;4310652;0
43;4311734;0
43;4311775;0
43;4312443;0
43;4312500;0
43;4313508;5
43;4313656;0
43;4317608;0
43;4321352;0
43;4321436;1
43;4321501;0
43;4321600;0
43;4321667;0
43;4321832;0
43;4323804;0
43;4300059;0
43;4303558;0
43;4304903;0
43;4304952;0
43;4305371;0
43;4305504;0
43;4305975;0
43;4306304;0
43;4307054;0
43;4308854;0
43;4309902;0
43;4311809;4
43;4312138;0
43;4312625;0
43;4312674;0
43;4314100;3
43;4314779;0
43;4316105;2
43;4316733;0
43;4317558;0
43;4318051;0
43;4320503;1
43;4320909;1
43;4322558;0
43;4323358;0
43;4323408;0
43;4301073;0
43;4304507;0
43;4304663;0
43;4305124;0
43;4306056;0
43;4312450;1
43;4314209;0
43;4314407;0
43;4318804;1
43;4322327;0
43;4300604;1
43;4300877;0
43;4303103;1
43;4303905;0
43;4304606;2
43;4306767;0
43;4307609;0
43;4307708;1
43;4309050;0
43;4309209;1
43;4309308;1
43;4311981;0
43;4313060;0
43;4313375;0
43;4313409;5
43;4314050;0
43;4314902;11
43;4318705;5
43;4319901;2
43;4320008;1
43;4320552;0
43;4323002;1
43;4300109;0
43;4306700;0
43;4308003;1
43;4308409;0
43;4310751;0
43;4313102;0
43;4315503;0
43;4318432;0
43;4320651;0
43;4301800;0
43;4303202;0
43;4309803;2
43;4311700;0
43;4312203;0
43;4313607;0
43;4316600;1
43;4317954;0
43;4318424;0
43;4318606;0
43;4322186;0
43;4301206;0
43;4304200;1
43;4307815;0
43;4309159;0
43;4309571;0
43;4309753;0
43;4311239;0
43;4312153;0
43;4314068;0
43;4316808;2
43;4320263;0
43;4320677;0
43;4320701;1
43;4322533;0
43;4322608;1
43;4322707;0
43;4302907;0
43;4306379;0
43;4310538;0
43;4311106;1
43;4312104;0
43;4313037;0
43;4316907;3
43;4319125;0
43;4319406;0
43;4319604;0
43;4319802;0
43;4321493;0
43;4323457;0
43;4300307;0
43;4304309;0
43;4310405;0
43;4313425;0
43;4315008;0
43;4315057;0
43;4315073;0
43;4317202;2
43;4317905;0
43;4318499;0
43;4321808;1
43;4322103;1
43;4322301;0
43;4304655;0
43;4310553;0
43;4311130;0
43;4311205;0
43;4314472;0
43;4315321;0
43;4317400;0
43;4322202;1
43;4322376;0
43;4302501;0
43;4305009;0
43;4306353;0
43;4306932;0
43;4307831;0
43;4309001;1
43;4314555;0
43;4315958;0
43;4317509;2
43;4317707;0
43;4318903;1
43;4319158;0
43;4319208;0
43;4320321;0
43;4322343;0
43;4323754;0
43;4301107;0
43;4301750;0
43;4302709;0
43;4305355;1
43;4308805;0
43;4312252;0
43;4318408;0
43;4322004;0
43;4322525;0
43;4300638;0
43;4302808;1
43;4304358;0
43;4306908;0
43;4314175;0
43;4314506;0
43;4314605;0
43;4317004;0
43;4302006;0
43;4308300;0
43;4309951;0
43;4311254;0
43;4312427;0
43;4318465;0
43;4320800;0
43;4322152;0
43;4301859;0
43;4302204;1
43;4302378;0
43;4302600;0
43;4304002;0
43;4306007;0
43;4306320;0
43;4306734;0
43;4307450;0
43;4309605;0
43;4309704;0
43;4312302;0
43;4313011;0
43;4315404;0
43;4319109;0
43;4320230;0
43;4321402;0
43;4321477;0
43;4321907;0
43;4323705;0
43;4302303;0
43;4303608;0
43;4303673;0
43;4304622;0
43;4307401;0
43;4310439;0
43;4311122;0
43;4311304;0
43;4312377;0
43;4312617;0
43;4314464;0
43;4318200;1
43;4318622;0
43;4322509;3
50;5000252;0
50;5002605;0
50;5003306;1
50;5003900;0
50;5006408;0
50;5007406;0
50;5007695;2
50;5007935;0
50;5000708;0
50;5001102;1
50;5003488;0
50;5005608;0
50;5003207;0
50;5005202;0
50;5006903;0
50;5002100;0
50;5002159;0
50;5002209;0
50;5002803;0
50;5004106;0
50;5005004;0
50;5005806;0
50;5001508;0
50;5002704;4
50;5003108;0
50;5004908;0
50;5007307;0
50;5007505;0
50;5007901;0
50;5008008;0
50;5002902;0
50;5002951;0
50;5003256;0
50;5000609;0
50;5000906;0
50;5001243;0
50;5002407;0
50;5003504;0
50;5003702;0
50;5003801;0
50;5004502;0
50;5005152;0
50;5005251;0
50;5005400;0
50;5006002;0
50;5006606;0
50;5007208;0
50;5008404;0
50;5000856;0
50;5003157;0
50;5003454;0
50;5003751;0
50;5004007;0
50;5004304;0
50;5004601;0
50;5004700;0
50;5004809;0
50;5005103;0
50;5005681;0
50;5005707;0
50;5006259;0
50;5006358;0
50;5007703;0
50;5007950;0
50;5000807;0
50;5001904;0
50;5002001;0
50;5006200;0
50;5007976;0
50;5001003;0
50;5004403;0
50;5006309;0
50;5007802;0
50;5000203;0
50;5002308;0
50;5007109;0
50;5007554;0
50;5008305;0
51;5100250;2
51;5100805;0
51;5102793;0
51;5106158;0
51;5108956;0
51;5106299;0
51;5100300;0
51;5100409;0
51;5100607;0
51;5103361;0
51;5106182;0
51;5106752;1
51;5108352;0
51;5105507;0
51;5101605;0
51;5102504;0
51;5103437;0
51;5106505;0
51;5100508;0
51;5101308;0
51;5106000;0
51;5108857;0
51;5107263;0
51;5104526;0
51;5104542;0
51;5105259;2
51;5105903;0
51;5106224;0
51;5106240;0
51;5107768;0
51;5107925;3
51;5108006;0
51;5105101;2
51;5108907;0
51;5106273;0
51;5106802;0
51;5107305;0
51;5107941;0
51;5101407;0
51;5101902;0
51;5102850;0
51;5103254;0
51;5103379;0
51;5105150;1
51;5105176;0
51;5107578;0
51;5100201;0
51;5102603;0
51;5102702;0
51;5106174;0
51;5106257;0
51;5106281;0
51;5107065;0
51;5107792;0
51;5103205;0
51;5104104;0
51;5105606;0
51;5106216;0
51;5108808;0
51;5106265;0
51;5106422;0
51;5108055;0
51;5103007;0
51;5103403;5
51;5106109;0
51;5107800;0
51;5108402;1
51;5101258;0
51;5103809;0
51;5103957;0
51;5104500;0
51;5105002;0
51;5105234;0
51;5105622;1
51;5106828;0
51;5107156;0
51;5107206;0
51;5107750;0
51;5107107;0
51;5101001;0
51;5101803;1
51;5103106;0
51;5100359;0
51;5101852;0
51;5102694;0
51;5103353;0
51;5105309;0
51;5106315;0
51;5106778;0
51;5107180;0
51;5107743;0
51;5107776;0
51;5107859;0
51;5107354;0
51;5107883;0
51;5108600;0
51;5103858;0
51;5106208;0
51;5106307;0
51;5106455;0
51;5102637;1
51;5102686;0
51;5103304;0
51;5103502;0
51;5107875;0
51;5102678;0
51;5107040;1
51;5103601;0
51;5104609;0
51;5104807;0
51;5105200;0
51;5106372;0
51;5107602;3
51;5107297;0
51;5107404;0
51;5100102;0
51;5104906;0
51;5107701;0
51;5103056;0
51;5103700;0
51;5104559;0
51;5105580;0
51;5106190;0
51;5107248;0
51;5107909;1
51;5108303;0
51;5108501;0
51;5101704;0
51;5103452;0
51;5106232;0
51;5106851;0
51;5107958;1
51;5101209;0
51;5103908;0
51;5104203;0
51;5106653;0
51;5106703;0
51;5107008;0
51;5107198;0
51;5108105;0
51;5108204;0
52;5201108;2
52;5201603;0
52;5203609;0
52;5204854;0
52;5205208;0
52;5206800;0
52;5209606;0
52;5210000;0
52;5210406;0
52;5210562;0
52;5210604;0
52;5211404;0
52;5211800;1
52;5212055;0
52;5215009;0
52;5215405;0
52;5216809;0
52;5219506;0
52;5219902;0
52;5221007;0
52;5200159;0
52;5200852;0
52;5201306;0
52;5202601;0
52;5202809;0
52;5203939;0
52;5207808;1
52;5213905;0
52;5214408;0
52;5219001;0
52;5219100;0
52;5220108;0
52;5221502;0
52;5201702;0
52;5202353;0
52;5203104;0
52;5203401;0
52;5207105;0
52;5213707;0
52;5217203;0
52;5201207;0
52;5204805;0
52;5205109;2
52;5205901;0
52;5206602;0
52;5206909;0
52;5208509;0
52;5210109;0
52;5214804;0
52;5215504;0
52;5221304;0
52;5203203;0
52;5205000;0
52;5205406;0
52;5208608;1
52;5209291;0
52;5209457;0
52;5209804;0
52;5210158;0
52;5210901;0
52;5211206;1
52;5213855;0
52;5214705;0
52;5214861;0
52;5216908;0
52;5218607;0
52;5218706;0
52;5218904;0
52;5219357;0
52;5219456;0
52;5220157;0
52;5220280;0
52;5221700;0
52;5200605;0
52;5204904;0
52;5205307;0
52;5205521;0
52;5213509;0
52;5214903;0
52;5220009;0
52;5221080;0
52;5200100;0
52;5200175;0
52;5200258;0
52;5200308;0
52;5204003;0
52;5205497;0
52;5205513;0
52;5205802;0
52;5206206;2
52;5208004;2
52;5212501;0
52;5213053;0
52;5215231;0
52;5215603;0
52;5217302;0
52;5217609;0
52;5219753;0
52;5221858;0
52;5222203;0
52;5222302;0
52;5200050;0
52;5201405;1
52;5201801;0
52;5203302;1
52;5203559;0
52;5204557;0
52;5208400;0
52;5208707;13
52;5208806;0
52;5209200;0
52;5209705;0
52;5212303;0
52;5214507;0
52;5219738;0
52;5220454;0
52;5221197;0
52;5221403;0
52;5200902;0
52;5204201;0
52;5205703;0
52;5207600;0
52;5210208;0
52;5210307;0
52;5211602;0
52;5212006;0
52;5213400;0
52;5215207;0
52;5200209;0
52;5200506;0
52;5203500;0
52;5203906;0
52;5204250;0
52;5204508;0
52;5206503;0
52;5209101;0
52;5209937;0
52;5211503;0
52;5212105;0
52;5212600;0
52;5212907;0
52;5213806;0
52;5216007;0
52;5217104;0
52;5217708;0
52;5218052;0
52;5218391;0
52;5218789;0
52;5222054;0
52;5206305;0
52;5208152;0
52;5215306;0
52;5215801;0
52;5217401;1
52;5219209;0
52;5220264;0
52;5220603;0
52;5221809;0
52;5222005;0
52;5200555;0
52;5200829;0
52;5203575;0
52;5204656;0
52;5204706;0
52;5204953;0
52;5207501;0
52;5208103;0
52;5212808;0
52;5213087;0
52;5213772;0
52;5214101;0
52;5214606;0
52;5214879;0
52;5218003;1
52;5219605;0
52;5219704;0
52;5221452;0
52;5221601;0
52;5204102;0
52;5204300;0
52;5209150;0
52;5210802;0
52;5211305;0
52;5212253;0
52;5216304;0
52;5218508;1
52;5220405;0
52;5202155;0
52;5202502;0
52;5203807;0
52;5207535;0
52;5208905;0
52;5211008;0
52;5212204;0
52;5212956;0
52;5219258;0
52;5206404;0
52;5214002;0
52;5214051;0
52;5214838;0
52;5215256;0
52;5220207;0
52;5221577;0
52;5201454;0
52;5201504;0
52;5204409;0
52;5205059;0
52;5205471;0
52;5207253;0
52;5211909;2
52;5213004;0
52;5213103;0
52;5213756;0
52;5215652;0
52;5216452;0
52;5218102;0
52;5218805;1
52;5219308;0
52;5219407;1
52;5219712;0
52;5220504;0
52;5200134;0
52;5204607;0
52;5205455;0
52;5207352;0
52;5207402;0
52;5209952;0
52;5211701;0
52;5215702;0
52;5215900;0
52;5216403;0
52;5220058;0
52;5221551;0
52;5221908;0
52;5200803;0
52;5203962;0
52;5206701;0
52;5208301;0
52;5207907;0
52;5209408;0
52;5209903;0
52;5212709;0
52;5218300;0
52;5219803;0
52;5220686;0
52;5220702;0
53;5300108;23
